state,year_month,enrolment_count_sum,enrolment_count_mean,enrolment_count_std,enrolment_count_count,update_count_sum,update_count_mean,age_0_18_sum,age_19_40_sum,age_41_60_sum,age_60_plus_sum,mom_growth,enrolment_zscore,update_ratio,volatility,age_0_18_pct,age_19_40_pct,age_41_60_pct,age_60_plus_pct
Andhra Pradesh,2023-01,411329,13268.677419354839,5655.988280204128,31,59713,1926.225806451613,106058,186687,91291,27702,,0.7437244481791794,0.14517089726228882,0.14755492986361987,0.2578422625197834,0.45386296614145855,0.22194156016230318,0.06734754904225085
Andhra Pradesh,2023-02,303067,10823.82142857143,4415.106374739407,28,43629,1558.1785714285713,76604,137471,68856,20274,-0.2632005037330215,-1.2357701185967371,0.1439582666539082,0.14755492986361987,0.2527625904502965,0.45359936911640003,0.22719728640861592,0.06689609888242534
Andhra Pradesh,2023-03,350046,11291.806451612903,4431.496575043656,31,51603,1664.6129032258063,86476,160325,79423,24146,0.15501192805551245,-0.37679212768057285,0.14741776795049794,0.14755492986361987,0.24704181736114683,0.4580112328094022,0.22689303691514828,0.06897950555069905
Andhra Pradesh,2023-04,447518,14917.266666666666,5014.55282108009,30,68356,2278.5333333333333,110797,200206,99540,37696,0.2784548316506974,1.4054148739708112,0.15274469406817157,0.14755492986361987,0.24758110288301252,0.44736971473773124,0.2224268074133331,0.08423348334592128
Andhra Pradesh,2023-05,341237,11007.645161290322,4004.0394565853708,31,51380,1657.4193548387098,85373,154228,77401,24597,-0.23748988867486898,-0.5378585003573112,0.1505698385579524,0.14755492986361987,0.25018682030377715,0.45196740095593385,0.22682475815928518,0.07208186685500106
Andhra Pradesh,2023-06,351258,11708.6,4370.678212975568,30,52444,1748.1333333333334,87120,156176,79541,28421,0.029366686496481886,-0.35463155966102383,0.14930336106223915,0.14755492986361987,0.24802282083255042,0.44461905493967396,0.2264460880606278,0.08091203616714779
Andhra Pradesh,2023-07,456187,14715.709677419354,6054.621695826246,31,67126,2165.3548387096776,111516,204105,102762,38379,0.298723445444659,1.5639214450611332,0.1471457976663079,0.14755492986361987,0.24445238465804595,0.44741520472963936,0.22526288561489038,0.084129973015452
Andhra Pradesh,2023-08,349193,11264.290322580646,4464.479112532229,31,51685,1667.258064516129,87077,156171,79054,26891,-0.23453978302757417,-0.39238863306066796,0.14801270357653218,0.14755492986361987,0.24936639623360146,0.44723405108349823,0.22639056338471847,0.07700898929818181
Andhra Pradesh,2023-09,329072,10969.066666666668,4147.006381287203,30,48652,1621.7333333333333,80704,148379,74553,25574,-0.05762142998284614,-0.7602869739198634,0.14784606408324014,0.14755492986361987,0.24524724072543394,0.45090132250692855,0.22655528273447756,0.07771551514562162
Andhra Pradesh,2023-10,449494,14499.806451612903,5292.589986130639,31,73235,2362.4193548387098,113683,197996,98322,39493,0.36594423104973983,1.4415446449333762,0.16292764753255884,0.14755492986361987,0.25291327581680734,0.4404864136117501,0.2187392935167099,0.08786101705473265
Andhra Pradesh,2023-11,333831,11127.7,4369.667794127431,30,46879,1562.6333333333334,82310,152493,75562,23591,-0.25731822894187684,-0.6732720042787466,0.1404273419784262,0.14755492986361987,0.24656188310851898,0.4567970020759007,0.226348062342922,0.07066749343230556
Andhra Pradesh,2023-12,325609,10503.516129032258,3872.1132634171718,31,49529,1597.7096774193549,78720,145289,74186,27414,-0.02462922856175731,-0.8236054945895813,0.15211188879914253,0.14755492986361987,0.24176235914854932,0.4462069537389937,0.22783768261933793,0.08419300449311905
Assam,2023-01,476136,15359.225806451614,6047.327915201762,31,69432,2239.7419354838707,116280,214628,107769,37526,,1.6556795787787184,0.14582388225212964,0.16130252151992586,0.2442159383033419,0.45077036813011406,0.22634079338676344,0.07881361627770217
Assam,2023-02,293833,10494.035714285714,4005.1256556062963,28,47714,1704.0714285714287,74205,131871,67541,20216,-0.38288010148360974,-1.3519242862413554,0.1623847559668247,0.16130252151992586,0.2525414095761878,0.44879574452154797,0.22986186030840647,0.06880098559385774
Assam,2023-03,357086,11518.90322580645,4997.6705197177525,31,50642,1633.6129032258063,88390,159140,81035,28521,0.21526853689000225,-0.3083870582521576,0.14182017777230135,0.16130252151992586,0.2475314069999944,0.44566294954156704,0.22693412791316378,0.0798715155452748
Assam,2023-04,398270,13275.666666666666,6903.894359948835,30,58511,1950.3666666666666,98474,180808,89852,29434,0.11533356110292758,0.37105956400302587,0.14691289828508297,0.16130252151992586,0.24725437517262158,0.45398347854470583,0.22560574484646095,0.07390463755743591
Assam,2023-05,377435,12175.322580645161,4489.035288990994,31,56458,1821.225806451613,93504,173285,85586,25155,-0.052313756999020744,0.027327280235379517,0.1495833719713328,0.16130252151992586,0.24773537165339726,0.4591121650085445,0.22675692503344946,0.06664723727264298
Assam,2023-06,342466,11415.533333333333,3962.159857985274,30,53814,1793.8,84223,156095,76164,26032,-0.0926490654019897,-0.5495853298472135,0.15713676686152786,0.16130252151992586,0.2459309829296923,0.4557970718261083,0.2223987198729217,0.07601338527036261
Assam,2023-07,443176,14296.0,6657.843960322289,31,74285,2396.2903225806454,112564,198961,99858,32317,0.29407298826744843,1.1119111087532023,0.16761963644240663,0.16130252151992586,0.25399389858656607,0.4489435348484575,0.22532357347870824,0.07292136758308211
Assam,2023-08,326988,10548.0,4840.000261707982,31,47054,1517.8709677419354,78164,147597,72719,28508,-0.2621712367095691,-0.8049387394059191,0.14390130524667571,0.16130252151992586,0.23904241134231224,0.4513835370105325,0.22239042411342314,0.08718362753373213
Assam,2023-09,364964,12165.466666666667,4346.570124095338,30,51601,1720.0333333333333,91412,163631,81133,29269,0.11613881854991615,-0.1784171551313744,0.1413865477142951,0.16130252151992586,0.25046853936278646,0.44834833024627085,0.2223041176664,0.08019695093214674
Assam,2023-10,472046,15227.290322580646,5051.912695165059,31,68023,2194.2903225806454,118508,212198,108133,33373,0.2934042809701778,1.5882034549193627,0.14410248153781624,0.16130252151992586,0.25105180427331236,0.4495282239442766,0.2290730140706626,0.07069861835499083
Assam,2023-11,307531,10251.033333333333,4462.666718480094,30,45639,1521.3,77443,141730,67886,20567,-0.3485147633917034,-1.1259370137167948,0.14840455108590678,0.16130252151992586,0.2518217675616442,0.46086410800862354,0.22074522568456514,0.06687781069225542
Assam,2023-12,349412,11271.354838709678,4761.603564265489,31,53663,1731.0645161290322,90093,156926,78629,23860,0.13618464480003634,-0.43499140409487025,0.15358087300951312,0.16130252151992586,0.2578417455611141,0.44911451238079975,0.22503234004556225,0.06828614930225636
Bihar,2023-01,417573,13470.09677419355,5654.194415681386,31,61551,1985.516129032258,104989,188175,94457,30413,,1.100538153210666,0.14740177166627152,0.11826657418883166,0.2514266966494481,0.4506397683758289,0.22620475940733717,0.07283277414966964
Bihar,2023-02,341352,12191.142857142857,4967.509434196977,28,54038,1929.9285714285713,85956,153810,76209,25592,-0.18253335344957644,-0.6437528785044999,0.15830579577679346,0.11826657418883166,0.2518104478661323,0.4505905927019616,0.22325634535611333,0.07497246244346012
Bihar,2023-03,347440,11207.741935483871,3876.606505418039,31,51058,1647.032258064516,88348,157323,78703,23195,0.017834962150507394,-0.5044311193950428,0.1469548699055952,0.11826657418883166,0.254282753856781,0.4528062399263182,0.2265225650472024,0.06675972829841123
Bihar,2023-04,423474,14115.8,6380.890276226459,30,61685,2056.1666666666665,105203,190522,96869,30880,0.21884066313608108,1.2355804824657426,0.14566419662128016,0.11826657418883166,0.24842847494769454,0.44990247335137457,0.22874840013790693,0.07292065156302394
Bihar,2023-05,377561,12179.387096774193,4663.150570715178,31,55345,1785.3225806451612,95055,169390,86162,27178,-0.10841987937866315,0.18487747228300538,0.14658558484589246,0.11826657418883166,0.2517606426511213,0.44864273587579223,0.22820683280317616,0.07198307028533138
Bihar,2023-06,349822,11660.733333333334,4324.321465077884,30,50979,1699.3,85787,157364,78414,28335,-0.07346892290252438,-0.44991987921785376,0.14572839901435589,0.11826657418883166,0.24523043147657952,0.449840204446833,0.22415399831914518,0.0809983362967452
Bihar,2023-07,436162,14069.741935483871,6384.126721631508,31,61971,1999.0645161290322,109014,196044,99712,31646,0.24681123542830363,1.5259409423180408,0.14208252896859425,0.11826657418883166,0.24993924275842463,0.4494751949963546,0.22861230460241838,0.0725556100714872
Bihar,2023-08,349095,11261.129032258064,4482.216190992543,31,53843,1736.8709677419354,83359,155307,77345,33084,-0.1996207831035257,-0.466557020951194,0.15423595296409287,0.11826657418883166,0.23878600380985118,0.44488463025823916,0.22155860152680504,0.09477076440510462
Bihar,2023-09,315178,10505.933333333332,4549.727592704435,30,46537,1551.2333333333333,79448,139185,70105,26488,-0.0971569343588421,-1.2427357502080036,0.14765307223219895,0.11826657418883166,0.2520734315212356,0.44160759951519457,0.22242986502865048,0.08404139882859844
Bihar,2023-10,419179,13521.90322580645,5789.086435439468,31,59803,1929.1290322580646,106401,188141,90986,33651,0.3299754424483943,1.1372909037247574,0.14266697520629612,0.11826657418883166,0.2538318952046739,0.4488321218381646,0.2170576293182626,0.08027835363889889
Bihar,2023-11,342684,11422.8,4341.227352274692,30,51984,1732.8,88474,157634,75634,21490,-0.18248767233091356,-0.6132705225363992,0.15169660678642716,0.11826657418883166,0.2581795473380724,0.4599981323901904,0.2207106255325606,0.0627108356386642
Bihar,2023-12,314268,10137.677419354839,4422.454773743475,31,45795,1477.258064516129,79154,140097,71594,23630,-0.08292187554715136,-1.2635607831892135,0.1457195769216083,0.11826657418883166,0.25186783255056194,0.44578830806827296,0.22781193121794138,0.07519060165209311
Chhattisgarh,2023-01,450840,14543.225806451614,6305.2901636095885,31,65003,2096.8709677419356,110935,205476,100383,34192,,1.4923602381990495,0.1441819714311064,0.13868976947903586,0.246062904799929,0.4557625765238222,0.22265770561618312,0.07584065300328276
Chhattisgarh,2023-02,314058,11216.357142857143,4280.4070956816595,28,44971,1606.107142857143,79877,142616,70710,21058,-0.3033936651583711,-1.1479830252968535,0.14319329550592566,0.13868976947903586,0.2543383706194397,0.4541072031280846,0.22514949467932674,0.06705130899388011
Chhattisgarh,2023-03,310195,10006.290322580646,4572.517841726069,31,47806,1542.1290322580646,75836,136163,70573,27623,-0.012300275745244504,-1.2225516529443852,0.15411595931591418,0.13868976947903586,0.24447847321845936,0.43895936427086185,0.22751172649462434,0.08905043601605442
Chhattisgarh,2023-04,380549,12684.966666666667,5879.017678228187,30,57732,1924.4,96911,173650,84351,26084,0.22680571898322022,0.13551234641218782,0.15170713889669923,0.13868976947903586,0.2546610291972913,0.45631442994200483,0.22165608108285662,0.06854307855230207
Chhattisgarh,2023-05,359601,11600.032258064517,4740.880828734052,31,54404,1754.967741935484,90608,163714,80878,24516,-0.05504678766729121,-0.26885307216417587,0.15128990186345423,0.13868976947903586,0.25196815359245384,0.4552656972589064,0.22491038678980313,0.06817556124704881
Chhattisgarh,2023-06,325071,10835.7,5459.984856300838,30,43660,1455.3333333333333,80701,146811,72817,24742,-0.0960230922605888,-0.9353958401344756,0.13430912016144164,0.13868976947903586,0.2482565347262598,0.4516274906097437,0.2240033715711337,0.07611260309286279
Chhattisgarh,2023-07,451047,14549.90322580645,5701.148757661849,31,67846,2188.5806451612902,110150,205775,101212,34411,0.38753380030824025,1.496356020213815,0.1504189142151483,0.13868976947903586,0.24420958348021382,0.4562163144860735,0.22439346675623606,0.0762913842681583
Chhattisgarh,2023-08,374812,12090.709677419354,3841.7602839804945,31,57340,1849.6774193548388,94371,170406,85782,24564,-0.16901786288346887,0.024769344389436312,0.1529833623256459,0.13868976947903586,0.2517822268230473,0.4546439281559822,0.22886673852491382,0.0655368558103796
Chhattisgarh,2023-09,355399,11846.633333333333,4774.351708895134,30,50707,1690.2333333333333,92430,157665,81021,24283,-0.051793966041642214,-0.3499655167344394,0.14267625964057298,0.13868976947903586,0.26007388878415527,0.44362814751870433,0.2279719413954457,0.06832602230169471
Chhattisgarh,2023-10,445139,14359.322580645161,6417.858029940607,31,67133,2165.5806451612902,111274,202075,100278,31512,0.25250493107746497,1.3823121547875616,0.15081356609957788,0.13868976947903586,0.24997585024003738,0.45395932506475506,0.2252734539099023,0.07079137078530526
Chhattisgarh,2023-11,330953,11031.766666666666,4753.655716163728,30,50561,1685.3666666666666,84197,151863,74579,20743,-0.2565176270782834,-0.8218538603719125,0.152773958840077,0.13868976947903586,0.2544077255682831,0.45886576039498056,0.22534619719416352,0.062676573410726
Chhattisgarh,2023-12,384682,12409.09677419355,4715.719898063206,31,55251,1782.2903225806451,96462,175134,84920,28724,0.16234631503566965,0.21529286364419617,0.14362772367825893,0.13868976947903586,0.2507577687544517,0.45526954731440517,0.22075376544782443,0.0746694672482726
Delhi,2023-01,544213,17555.25806451613,8052.65803722697,31,85280,2750.967741935484,140183,240749,121681,41600,,1.0483959605978845,0.1567033496075985,0.1248637226267539,0.25758848098079246,0.4423800974985897,0.22359076317544785,0.07644065834517
Delhi,2023-02,428606,15307.357142857143,5535.785415279494,28,64708,2311.0,107602,190065,96055,35005,-0.21242969205072282,-0.8756067880502487,0.15097315483217688,0.1248637226267539,0.25105108187939507,0.4434492284289067,0.22411025510608812,0.08167174514589157
Delhi,2023-03,440245,14201.451612903225,5752.404209480355,31,70644,2278.8387096774195,104639,197319,98839,39476,0.02715547612492597,-0.6819033964605039,0.16046519551613306,0.1248637226267539,0.23768356256175538,0.448202705311815,0.22450908017126828,0.08966825290463265
Delhi,2023-04,589119,19637.3,7309.919463446157,30,85620,2854.0,147916,268633,132111,40977,0.3381617054140309,1.795749212829956,0.14533566223462493,0.1248637226267539,0.2510800025122259,0.45599106462361594,0.2242518065110784,0.06955640541214933
Delhi,2023-05,493933,15933.322580645161,5613.773053167817,31,75366,2431.1612903225805,124953,214191,110537,44252,-0.16157346817875506,0.21160529738520595,0.15258344755260328,0.1248637226267539,0.25297560600324337,0.4336438342852168,0.2237894613237018,0.08959109838783803
Delhi,2023-06,418504,13950.133333333333,5650.706039091919,30,67823,2260.766666666667,102881,187645,94623,34093,-0.15271099521595033,-1.0437304809654133,0.16206057767667692,0.1248637226267539,0.2458303863284461,0.44837086383881636,0.22609819738879436,0.08146397644944851
Delhi,2023-07,513486,16564.064516129034,7386.692146175146,31,78961,2547.1290322580644,132263,237812,116488,27834,0.22695601475732619,0.5370183410963736,0.15377439696505846,0.1248637226267539,0.2575785902634152,0.4631323930934826,0.22685720740195447,0.05420595692969234
Delhi,2023-08,466533,15049.451612903225,6277.920875782096,31,65681,2118.7419354838707,115301,209675,104743,37031,-0.09143968871595332,-0.24440234326768578,0.14078532493950052,0.1248637226267539,0.24714436063472467,0.4494323016806957,0.224513592821944,0.07937487809008152
Delhi,2023-09,453454,15115.133333333333,5495.360850586695,30,66636,2221.2,109374,206770,102046,35264,-0.028034458441310695,-0.4620710999136409,0.1469520612895685,0.1248637226267539,0.24120197418040198,0.45598892059613544,0.22504156981744566,0.07776753540601693
Delhi,2023-10,561994,18128.83870967742,6625.13355888908,31,84367,2721.516129032258,141915,247778,126261,46040,0.2393627578541595,1.3443182911982157,0.15012081979522912,0.1248637226267539,0.252520489542593,0.44089082801595747,0.22466609963807443,0.08192258280337512
Delhi,2023-11,465561,15518.7,6272.618416853386,30,73987,2466.233333333333,113460,204769,103437,43895,-0.17159079990177828,-0.2605789646806278,0.15892009854777356,0.1248637226267539,0.24370598052671938,0.4398328038645849,0.222177115351157,0.09428410025753875
Delhi,2023-12,398972,12870.064516129032,6148.533629711959,31,61541,1985.1935483870968,102663,182023,90214,24191,-0.14302959225536505,-1.3687940297695114,0.15424891972368987,0.1248637226267539,0.2573188093400038,0.4562300111286005,0.2261161184243506,0.06063332765206581
Gujarat,2023-01,444996,14354.709677419354,5966.5497410901735,31,71157,2295.3870967741937,113932,201399,100141,29805,,1.1776338245622355,0.1599048081331068,0.16800276828374192,0.2560292676788106,0.4525860906614891,0.225037977869464,0.06697813014049564
Gujarat,2023-02,280543,10019.392857142857,4128.363134861131,28,39944,1426.5714285714287,70172,124196,62101,24083,-0.3695606252640473,-1.457302647671319,0.14238102536866007,0.16800276828374192,0.25012921370342517,0.44269862374038915,0.22136000541806425,0.08584423778173043
Gujarat,2023-03,354746,11443.41935483871,4708.2124051080045,31,54495,1757.9032258064517,87913,160150,78048,28635,0.26449777752430115,-0.268390368484278,0.15361695410237183,0.16800276828374192,0.24781956667587512,0.4514497696943729,0.22001093740309968,0.08071972622665231
Gujarat,2023-04,402812,13427.066666666668,6084.230798481875,30,62393,2079.766666666667,103397,179191,90243,29983,0.13549412819312967,0.5017436909392535,0.1548935980060177,0.16800276828374192,0.25668798347616256,0.44485020307240103,0.22403255116530787,0.074434227381508
Gujarat,2023-05,352885,11383.387096774193,4886.842843646052,31,52155,1682.4193548387098,89691,158088,79326,26642,-0.1239461585057049,-0.29820810835419004,0.14779602420051857,0.16800276828374192,0.25416495458860533,0.44798730464598946,0.22479277951740653,0.07549768338127152
Gujarat,2023-06,341448,11381.6,4090.043829121875,30,48077,1602.5666666666666,87887,152707,77164,23947,-0.03240999192371452,-0.48145662575998477,0.1408032848340011,0.16800276828374192,0.25739497668751904,0.4472335465429582,0.22599048757058177,0.07013366603406668
Gujarat,2023-07,490136,15810.838709677419,6379.6114829289,31,72206,2329.2258064516127,118524,220718,111546,39592,0.43546308661933875,1.9008862575164696,0.14731829533027568,0.16800276828374192,0.24181859728728353,0.4503199112083177,0.22758173241712504,0.08077758010021709
Gujarat,2023-08,322012,10387.483870967742,4190.567518216499,31,47846,1543.4193548387098,79162,144149,72346,26412,-0.34301499991839,-0.7928685505915863,0.148584524800318,0.16800276828374192,0.24583555892326994,0.44765101921667516,0.2246686458889731,0.08202178800790033
Gujarat,2023-09,323235,10774.5,4720.053957537876,30,44376,1479.2,80640,143468,72557,26570,0.0037979951057725003,-0.7732731202525737,0.1372871130910947,0.16800276828374192,0.24947793401085896,0.4438504493634662,0.22447135984655128,0.08220025677912354
Gujarat,2023-10,451881,14576.806451612903,6606.739929392079,31,70078,2260.5806451612902,113645,202631,102158,33749,0.39799526660169837,1.2879482463807979,0.15508065176451322,0.16800276828374192,0.2514932028565043,0.44841672918312564,0.22607279350094384,0.07468559200320439
Gujarat,2023-11,354123,11804.1,4465.698712369116,30,51450,1715.0,85721,160767,79514,28121,-0.2163357167041765,-0.2783723415842002,0.14528850145288502,0.16800276828374192,0.2420656099716765,0.45398632678476125,0.22453780183721475,0.07941026140634751
Gujarat,2023-12,339146,10940.193548387097,4063.9576721824164,31,49868,1608.6451612903227,85353,153000,77020,24058,-0.0422932145045648,-0.5183402567006282,0.14703991791145996,0.16800276828374192,0.25167037205215453,0.45113314029945806,0.22709983311022391,0.07093700058381935
Haryana,2023-01,451893,14577.193548387097,5713.613138341067,31,68945,2224.032258064516,111795,202064,101742,36292,,1.3309377725518454,0.15256930291020218,0.1494192349791074,0.24739263498217498,0.4471500996917412,0.22514621824192896,0.08031104708415487
Haryana,2023-02,295210,10543.214285714286,4259.685576617153,28,43954,1569.7857142857142,72901,132683,66867,22842,-0.34672588422480544,-1.451023095602978,0.14889062023644187,0.1494192349791074,0.2469462416584804,0.449452931811253,0.22650655465600758,0.07737542766166458
Haryana,2023-03,347476,11208.90322580645,4178.064084037317,31,52760,1701.9354838709678,82193,157677,77647,29959,0.17704684800650394,-0.5230221846236118,0.15183782477063165,0.1494192349791074,0.23654295548469534,0.45377810266032764,0.22346003752777172,0.08621890432720533
Haryana,2023-04,437049,14568.3,5971.87560873524,30,68280,2276.0,109853,198357,99621,29218,0.25778183241432506,1.0673774173959563,0.15622962185018155,0.1494192349791074,0.25135167910234324,0.4538552885374409,0.2279401165544367,0.06685291580577922
Haryana,2023-05,327884,10576.90322580645,4529.227611523763,31,47722,1539.4193548387098,82368,145277,73595,26692,-0.24977748490443863,-0.8708849223098274,0.14554537580363788,0.1494192349791074,0.25121079406131436,0.4430743799636457,0.22445438020763442,0.08140683900403801
Haryana,2023-06,357420,11914.0,4488.090516328589,30,55220,1840.6666666666667,89255,162448,79148,26834,0.09008063827451163,-0.3464630245811595,0.15449611101785016,0.1494192349791074,0.24972021711152145,0.45450170667561973,0.22144256057299536,0.0750769402943316
Haryana,2023-07,453488,14628.645161290322,5305.103200682572,31,70259,2266.4193548387098,115607,202760,101279,34405,0.26878182530356454,1.3592575493285664,0.15493022968634232,0.1494192349791074,0.25492846558233073,0.4471121617330558,0.22333336273506685,0.07586749814769078
Haryana,2023-08,348633,11246.225806451614,4045.2996568830954,31,50364,1624.6451612903227,87567,154976,77677,28741,-0.23121890766679598,-0.5024792493692758,0.1444613676846426,0.1494192349791074,0.2511724363442359,0.44452475812674075,0.22280449641887026,0.08243912653133811
Haryana,2023-09,367505,12250.166666666666,4708.126101227268,30,55979,1865.9666666666667,89659,166566,83454,28122,0.05413142186769471,-0.16740036076095313,0.15232173711922287,0.1494192349791074,0.24396674875171767,0.45323464986870926,0.2270826247261942,0.07652140787200175
Haryana,2023-10,453978,14644.451612903225,5253.220985507905,31,69278,2234.7741935483873,119928,204058,99908,30560,0.2352974789458646,1.36795766883991,0.15260210847221672,0.1494192349791074,0.26417139156523,0.4494887417451947,0.22007233830714262,0.06731603734101653
Haryana,2023-11,348592,11619.733333333334,4414.399033049516,30,53211,1773.7,88195,157380,78912,24362,-0.23213900233050944,-0.5032072185528781,0.1526454996098591,0.1494192349791074,0.25300351126818743,0.45147335567081287,0.2263735254968559,0.06988685913618213
Haryana,2023-12,334070,10776.451612903225,4728.194305360907,31,53140,1714.1935483870968,80208,149342,75463,29273,-0.04165901684490747,-0.7610503523155986,0.15906845870625916,0.1494192349791074,0.24009339360014367,0.4470380459185201,0.22588978357829198,0.08762534798096207
Jharkhand,2023-01,459971,14837.774193548386,6243.930987818906,31,68808,2219.6129032258063,116604,206703,104142,32694,,1.4135329479719332,0.1495920394981423,0.16646770461346685,0.2535029382287144,0.4493826784732081,0.22640992584315098,0.0710783940726698
Jharkhand,2023-02,362309,12939.607142857143,5028.832574481806,28,52464,1873.7142857142858,86405,160533,82152,33219,-0.21232208117468276,-0.1620463993794067,0.14480457289219975,0.16646770461346685,0.23848427723296964,0.44308311413738,0.2267456784126257,0.09168693021702469
Jharkhand,2023-03,320947,10353.129032258064,4783.377194283939,31,49519,1597.3870967741937,80325,143844,71600,25178,-0.11416222064591275,-0.8293388259644257,0.15429027222563227,0.16646770461346685,0.25027496751800143,0.4481861491149629,0.22308979364194087,0.0784490897250948
Jharkhand,2023-04,381457,12715.233333333334,5236.670518191111,30,57950,1931.6666666666667,93717,170537,86555,30688,0.18853580186136654,0.1468679515767836,0.15191751626002406,0.16646770461346685,0.2456816888928503,0.4470674283077778,0.22690630923013602,0.08044943466760343
Jharkhand,2023-05,387431,12497.774193548386,4573.494511564633,31,58384,1883.3548387096773,98415,172482,86512,30022,0.015661005041197384,0.24324638967017614,0.15069522056830764,0.16646770461346685,0.2540194253944573,0.4451941119838113,0.22329653538307467,0.07748992723865669
Jharkhand,2023-06,326931,10897.7,4688.092275409969,30,48834,1627.8,82692,147537,72995,23957,-0.15615683824990767,-0.7327990580449645,0.1493709681859475,0.16646770461346685,0.2529341053616818,0.45127871018655313,0.2232734124325928,0.07327845936910235
Jharkhand,2023-07,466760,15056.774193548386,5912.288675347742,31,71066,2292.451612903226,119154,210808,106185,31293,0.427701869813508,1.5230597668899182,0.15225383494729625,0.16646770461346685,0.25527894421115777,0.4516411003513583,0.22749378695689434,0.06704301996743509
Jharkhand,2023-08,338930,10933.225806451614,4241.361398652382,31,50956,1643.741935483871,87506,150789,77059,23611,-0.27386665524038045,-0.5392193997452294,0.1503437287935562,0.16646770461346685,0.2581831056560352,0.4448971764081079,0.22735963178237395,0.06966335231463724
Jharkhand,2023-09,340112,11337.066666666668,4248.794392354818,30,49675,1655.8333333333333,82372,152031,75990,29775,0.003487445785265386,-0.5201502143039187,0.1460548289975067,0.16646770461346685,0.24219080773392293,0.44700275203462386,0.22342640071505857,0.08754469116055888
Jharkhand,2023-10,470525,15178.225806451614,5446.485892816133,31,71492,2306.1935483870966,116496,209294,105194,39988,0.3834413369713505,1.5838004464047528,0.15194091706073004,0.16646770461346685,0.24758726953934435,0.4448095212794219,0.223567291854843,0.08498591998299772
Jharkhand,2023-11,300438,10014.6,4100.770849318538,30,43478,1449.2666666666667,72987,133194,68583,25731,-0.36148344933850485,-1.1602101662485549,0.14471538220864205,0.16646770461346685,0.24293531444091626,0.44333273420805624,0.22827671599464783,0.08564495836079324
Jharkhand,2023-12,312430,10078.387096774193,4590.900896900443,31,46687,1506.032258064516,80200,144365,68662,19328,0.03991505734960299,-0.9667434388270678,0.14943187273949365,0.16646770461346685,0.2566975002400538,0.4620715040168998,0.2197676279486605,0.06186345741446084
Karnataka,2023-01,526851,16995.1935483871,7248.834349601111,31,80716,2603.7419354838707,130727,241818,118421,35903,,1.6238871056267026,0.1532046062359187,0.14121523543679135,0.2481289776426352,0.4589874556563431,0.22477133003448793,0.0681464019238836
Karnataka,2023-02,363940,12997.857142857143,4804.379273231683,28,52499,1874.9642857142858,92478,165384,83664,23206,-0.30921645778407936,-1.0679275032609308,0.14425179974721108,0.14121523543679135,0.25410232455899323,0.454426553827554,0.22988404682090455,0.06376325767983733
Karnataka,2023-03,376587,12147.967741935483,5750.271573203426,31,58722,1894.258064516129,95465,170563,86140,24927,0.034750233554981635,-0.8589583154307542,0.15593209537238406,0.14121523543679135,0.2535005191363483,0.45291791803753184,0.22873864472220232,0.06619187598084905
Karnataka,2023-04,478440,15948.0,7077.656338179985,30,69805,2326.8333333333335,123700,212195,106316,36252,0.2704633988958727,0.8239814084616295,0.14590126243625115,0.14121523543679135,0.25854861633642673,0.44351433826603126,0.22221386171724772,0.07577125658389766
Karnataka,2023-05,407021,13129.709677419354,5749.778043214935,31,59826,1929.8709677419354,100655,188296,91386,27419,-0.14927472619346205,-0.3560905790170913,0.14698504499767825,0.14121523543679135,0.24729682252267082,0.46261986482269957,0.22452404175705923,0.06736507452932404
Karnataka,2023-06,384663,12822.1,5933.351343218179,30,60293,2009.7666666666667,96557,177496,85105,25938,-0.054930826664963184,-0.725516775072052,0.15674239529146292,0.14121523543679135,0.2510171240800389,0.46143247465963716,0.22124560979350757,0.06743045211002878
Karnataka,2023-07,464978,14999.290322580646,7105.019888283439,31,68650,2214.516129032258,117263,215541,105358,27600,0.20879315140785581,0.601545794753253,0.1476413937863727,0.14121523543679135,0.25219042621371335,0.46355096370150844,0.22658706433422657,0.05935764702846156
Karnataka,2023-08,433076,13970.193548387097,6375.802430122579,31,66203,2135.5806451612902,106414,196471,98051,32140,-0.0686096976631152,0.0744219685368939,0.1528669332865363,0.14121523543679135,0.24571668714036335,0.4536640220192299,0.22640598878718746,0.0742133020532193
Karnataka,2023-09,389100,12970.0,4892.698677092999,30,57284,1909.4666666666667,97423,174191,86787,30814,-0.10154337806759095,-0.6522032393400607,0.1472217938833205,0.14121523543679135,0.2503803649447443,0.44767668979696734,0.2230454895913647,0.07919300950912361
Karnataka,2023-10,541342,17462.645161290322,6964.471770102822,31,83765,2702.0967741935483,133482,245490,122564,39940,0.39126702647134404,1.8633251147076773,0.15473582319494886,0.14121523543679135,0.2465761016141367,0.45348411909661546,0.22640770529535859,0.07377960697673559
Karnataka,2023-11,392282,13076.066666666668,5580.173455055475,30,58356,1945.2,94767,175345,89141,33029,-0.275352734500556,-0.5996263471383037,0.1487603305785124,0.14121523543679135,0.24157876221697655,0.4469871164111532,0.2272370386609633,0.08419708271090695
Karnataka,2023-12,384583,12405.90322580645,4479.942070718018,31,56935,1836.6129032258063,97987,173535,87771,25738,-0.01962618728363774,-0.7268386328269674,0.14804346525977488,0.14121523543679135,0.25478765312039275,0.4512289934812511,0.2282238164453447,0.06692443503743015
Kerala,2023-01,441011,14226.161290322581,5228.919219729026,31,65910,2126.1290322580644,110071,201602,98422,31866,,1.3318952207691888,0.14945205448390175,0.133339290065561,0.24958787876039373,0.45713598980524295,0.22317357163426763,0.07225670108001842
Kerala,2023-02,326860,11673.57142857143,5070.225083969784,28,48594,1735.5,81380,145105,73715,26670,-0.25883934867837766,-0.9540600613310254,0.14866915498990393,0.133339290065561,0.24897509637153523,0.44393624181606806,0.22552468946949764,0.08159456648106223
Kerala,2023-03,398830,12865.483870967742,4830.824807911293,31,59876,1931.483870967742,95860,176793,89750,36427,0.22018601236003188,0.4871905773208692,0.15012912769851816,0.133339290065561,0.2403530326204147,0.44327909134217586,0.22503322217486146,0.09133465386254795
Kerala,2023-04,408521,13617.366666666667,4839.290539933004,30,59153,1971.7666666666667,98093,179551,91401,39522,0.024298573326981376,0.6812597719738567,0.14479794184387093,0.133339290065561,0.24011739910555394,0.439514737308486,0.22373635627054667,0.09674410862599475
Kerala,2023-05,374119,12068.354838709678,4073.92393603012,31,53742,1733.6129032258063,94857,168641,83900,27188,-0.08421109318737596,-0.0076648420445187245,0.14364948051288493,0.133339290065561,0.2535476679879931,0.45076833841638625,0.2242601952854573,0.07267206423624568
Kerala,2023-06,350943,11698.1,4568.692322905901,30,53530,1784.3333333333333,91250,159541,80193,20360,-0.061948203646433386,-0.4717807903757166,0.1525318926435347,0.133339290065561,0.26001373442410874,0.4546065885343204,0.2285071934758636,0.058015119264381965
Kerala,2023-07,427698,13796.709677419354,5829.6678818697055,31,63986,2064.064516129032,104274,188381,98188,36855,0.21871073080243808,1.06529288990393,0.14960556280366052,0.133339290065561,0.24380287024956862,0.4404533105134932,0.22957320352211139,0.08617061571482681
Kerala,2023-08,318903,10287.193548387097,3871.775582506084,31,47596,1535.3548387096773,78430,144901,72168,23663,-0.254373413015726,-1.113404667858094,0.14924914472425785,0.133339290065561,0.2459368522716939,0.45437327337779826,0.22630078738676024,0.07420124614694751
Kerala,2023-09,341493,11383.1,4965.904052498467,30,51324,1710.8,87255,151821,76296,26449,0.07083658667369064,-0.6610237879477661,0.15029297818696138,0.133339290065561,0.25551036185221954,0.4445801231650429,0.2234189280600188,0.0774510751318475
Kerala,2023-10,454651,14666.161290322581,4241.153821754753,31,67748,2185.4193548387098,108873,205069,104381,36365,0.33136257551399306,1.6050459601218614,0.14901099964588221,0.133339290065561,0.2394649962278759,0.45104706687107254,0.2295848903884518,0.07998442761590759
Kerala,2023-11,335350,11178.333333333334,4431.954020156528,30,46876,1562.5333333333333,82939,151792,75492,25285,-0.26240127042500727,-0.7840417492266126,0.13978231698225735,0.133339290065561,0.24732070970627704,0.45263754286566277,0.22511405993737885,0.07539883703593261
Kerala,2023-12,315642,10182.0,4144.382270013229,31,46087,1486.6774193548388,79191,141040,70276,25135,-0.058768450872223044,-1.1787085213059727,0.14601035350175198,0.133339290065561,0.25088866500655804,0.4468353387698722,0.22264464171434728,0.07963135450922247
Madhya Pradesh,2023-01,471586,15212.451612903225,5945.60217213087,31,74924,2416.9032258064517,116397,216440,103065,36017,,1.9404095593587523,0.15887664180022307,0.1423596286885549,0.2468203042499141,0.458961886061079,0.21854974490336862,0.07637419261810147
Madhya Pradesh,2023-02,300681,10738.607142857143,3183.305507025394,28,42986,1535.2142857142858,75254,137312,67163,20952,-0.3624047363577375,-1.3085028584952405,0.14296214260295795,0.1423596286885549,0.2502785343935932,0.4566700257083088,0.22336961763463603,0.06968182226346194
Madhya Pradesh,2023-03,321208,10361.548387096775,4629.406541078526,31,49937,1610.8709677419354,82839,145486,71772,21281,0.06826836414672033,-0.9182835834518601,0.1554662399442106,0.1423596286885549,0.25789830888396303,0.45293392443525693,0.22344399890413688,0.066253019850066
Madhya Pradesh,2023-04,379167,12638.9,5899.406868783359,30,56423,1880.7666666666667,95681,169750,85490,28628,0.18044071131478678,0.18351984433784505,0.1488077812678846,0.1423596286885549,0.25234527266349654,0.4476919141169986,0.22546793365456383,0.07550235120672422
Madhya Pradesh,2023-05,356981,11515.516129032258,4835.119708073198,31,52632,1697.8064516129032,88834,157943,81261,29317,-0.05851247603298815,-0.2382371019335261,0.1474364181847213,0.1423596286885549,0.2488479779035859,0.44244091422232557,0.22763396371235445,0.08212481896795627
Madhya Pradesh,2023-06,319489,10649.633333333333,4303.107846287565,30,49105,1636.8333333333333,81385,143801,72385,21918,-0.10502519741947047,-0.9509618576175721,0.15369856239181945,0.1423596286885549,0.2547349048011043,0.45009687344478216,0.22656492085799512,0.06860330089611849
Madhya Pradesh,2023-07,443541,14307.774193548386,5945.930634810542,31,64295,2074.032258064516,111558,198469,101032,32984,0.388282538678953,1.4072727362189072,0.14495841421649858,0.1423596286885549,0.2515167707156723,0.4474648341416013,0.22778503001977268,0.07436516579076118
Madhya Pradesh,2023-08,371768,11992.516129032258,3851.2165166430873,31,53939,1739.967741935484,94630,166276,83129,27733,-0.1618181859174237,0.042864492067860596,0.14508779669040908,0.1423596286885549,0.2545404660971359,0.44725742936454993,0.22360450603602247,0.07459759850229175
Madhya Pradesh,2023-09,348034,11601.133333333333,4449.341553249341,30,50001,1666.7,88463,158183,76869,24519,-0.06384089001743021,-0.4083200099967172,0.14366699805191446,0.1423596286885549,0.2541791893895424,0.4545044449680204,0.2208663521380095,0.07045001350442773
Madhya Pradesh,2023-10,424478,13692.838709677419,6144.531596451023,31,63692,2054.5806451612902,105882,191821,97070,30088,0.21964520707746948,1.044884172855924,0.15004782344432455,0.1423596286885549,0.24944048925974963,0.45189856718133803,0.22868087392043876,0.07088235432696159
Madhya Pradesh,2023-11,361927,12064.233333333334,4412.111947835173,30,53553,1785.1,85555,162606,81849,31917,-0.147359816056427,-0.14421339976737618,0.14796630259693253,0.1423596286885549,0.23638744829758487,0.44927844565340525,0.22614781433825054,0.08818629171075935
Madhya Pradesh,2023-12,335298,10816.064516129032,4458.337911041765,31,50807,1638.9354838709678,82469,150136,76347,26452,-0.07357561055129902,-0.6504319935770012,0.15152789458929072,0.1423596286885549,0.24595732751164637,0.44776885039576736,0.22769894243329813,0.07889101634963525
Maharashtra,2023-01,662839,21381.90322580645,8685.206611838465,31,100237,3233.451612903226,165132,296861,147906,53084,,1.4507368078372502,0.1512237511673272,0.152316127562981,0.24912837053945228,0.4478629048683013,0.22314015922418567,0.08008581269358019
Maharashtra,2023-02,411140,14683.57142857143,6278.615183648272,28,59778,2134.9285714285716,99108,184968,95929,31135,-0.3797287124022576,-1.59317985452239,0.14539572894877656,0.152316127562981,0.2410565744028798,0.4498905482317459,0.2333244150411052,0.07572846232426911
Maharashtra,2023-03,480241,15491.645161290322,6389.894717694949,31,70269,2266.7419354838707,123888,217255,109529,30346,0.16807170306951402,-0.7575083370125331,0.1463202850235611,0.152316127562981,0.25797047732284417,0.45238744713591716,0.22807090606591274,0.06318910713579223
Maharashtra,2023-04,614977,20499.233333333334,8800.502727345918,30,98462,3282.0666666666666,158039,271817,139032,46554,0.2805591359338333,0.8719186985326558,0.16010680074214156,0.152316127562981,0.2569835945084125,0.4419953916975757,0.22607674758568205,0.07570039204718225
Maharashtra,2023-05,483349,15591.90322580645,6396.405575815419,31,69575,2244.3548387096776,121783,217145,109132,36134,-0.2140372729386627,-0.7199218031502064,0.14394361010367251,0.152316127562981,0.25195666071513545,0.4492509553138622,0.22578302634328404,0.07475757682337193
Maharashtra,2023-06,508221,16940.7,6033.574408944988,30,78596,2619.866666666667,129877,226084,113130,39130,0.0514576424074531,-0.4191327844166835,0.15464925691775822,0.152316127562981,0.25555221055406996,0.4448537152144441,0.22260001062529883,0.07699406360618707
Maharashtra,2023-07,688628,22213.8064516129,9013.249441495762,31,95909,3093.8387096774195,167710,306324,155568,59269,0.354977460592931,1.7626155471472702,0.13927548691020405,0.152316127562981,0.24354223180004297,0.444832333277183,0.22591007045894154,0.08606824003671068
Maharashtra,2023-08,561932,18126.83870967742,8009.134481314754,31,85214,2748.8387096774195,144302,247813,125830,44130,-0.18398322461474115,0.23042008568609257,0.15164468298655354,0.152316127562981,0.2567961959810084,0.44100175821985577,0.22392389114697153,0.07853263384181716
Maharashtra,2023-09,526690,17556.333333333332,7003.493903086853,30,78004,2600.133333333333,134888,232141,121486,38260,-0.0627157734387791,-0.1957783140488227,0.14810229926522242,0.152316127562981,0.25610510926731095,0.4407545235337675,0.23065940116577113,0.07264235128823407
Maharashtra,2023-10,587182,18941.354838709678,8275.955008530787,31,90853,2930.7419354838707,145608,258580,131735,51392,0.11485313941787378,0.5357804396190876,0.15472715444274518,0.152316127562981,0.24797762874202547,0.4403745346417295,0.22435122330044177,0.08752311889669642
Maharashtra,2023-11,470987,15699.566666666668,6128.558910787144,30,71084,2369.4666666666667,119564,213512,106883,31163,-0.19788583437503193,-0.8694213950440552,0.15092560941172473,0.152316127562981,0.2538583867495281,0.4533288604568704,0.22693407673672522,0.06616530817198776
Maharashtra,2023-12,518359,16721.25806451613,7832.197971483874,31,79121,2552.2903225806454,125439,232114,116136,44929,0.10058027079303677,-0.2965290906276655,0.1526374578236319,0.152316127562981,0.241992518698431,0.44778618679332277,0.2240454974255294,0.08667545079761324
Odisha,2023-01,413660,13343.870967741936,6235.577138442148,31,63345,2043.3870967741937,109263,188557,95344,20857,,1.1630123798589709,0.15313300778417058,0.10409953915811045,0.26413721413721414,0.4558260407097616,0.23048880723299328,0.05042063530435623
Odisha,2023-02,312260,11152.142857142857,4495.664781841261,28,46448,1658.857142857143,79045,137862,70286,25128,-0.2451288497800126,-1.4768299254385995,0.148747838339845,0.10409953915811045,0.2531384102991097,0.4414974700570038,0.2250880676359444,0.08047140203676424
Odisha,2023-03,376727,12152.483870967742,4821.011642597901,31,56777,1831.516129032258,96812,170134,83867,26029,0.20645295587010826,0.2015005863525096,0.15071125775428892,0.10409953915811045,0.2569818462706416,0.4516108481738766,0.2226200935956276,0.06909247279860482
Odisha,2023-04,418551,13951.7,4611.9819970788385,30,60418,2013.9333333333334,101259,189032,93277,35187,0.11101938539048173,1.2903444184705133,0.14435038979718123,0.10409953915811045,0.24192750704215257,0.4516343289109332,0.22285695172153452,0.08406860812660823
Odisha,2023-05,382840,12349.677419354839,4206.868997145001,31,56854,1834.0,96677,173485,85465,27449,-0.0853205463611364,0.3606461091560998,0.14850590324939922,0.10409953915811045,0.2525258593668373,0.4531527531083481,0.22323947340925712,0.07169835962804305
Odisha,2023-06,382551,12751.7,4745.340038322896,30,60326,2010.8666666666666,93384,175055,87290,26822,-0.00075488454706929,0.35312229824652386,0.1576940068121636,0.10409953915811045,0.24410862865343444,0.45759911750328713,0.22817872649659784,0.07011352734668057
Odisha,2023-07,388671,12537.774193548386,5588.606878937883,31,62185,2005.967741935484,96839,175620,87453,28848,0.015997866951073192,0.5124500586846021,0.15999392802653142,0.10409953915811045,0.2491541689500889,0.4518474493852127,0.22500521006198043,0.074222157042846
Odisha,2023-08,329905,10642.09677419355,4366.196890924936,31,50626,1633.0967741935483,84000,146561,75785,23606,-0.1511972851074559,-1.0174609167899247,0.15345629802518906,0.10409953915811045,0.2546187538836938,0.4442521331898577,0.22971764598899683,0.0715539321926009
Odisha,2023-09,343630,11454.333333333334,4623.877558733679,30,49446,1648.2,89818,152565,77746,23501,0.04160288567921078,-0.6601449834545288,0.14389314087827024,0.10409953915811045,0.2613799726449961,0.4439804440822978,0.22624916334429473,0.06839041992841137
Odisha,2023-10,419073,13518.483870967742,5189.071219855359,31,63242,2040.0645161290322,104342,186927,94518,33790,0.21954718738177692,1.3039341392137611,0.1509092687908789,0.10409953915811045,0.2489828741054661,0.4460487790909937,0.22554065759426162,0.08063034363941365
Odisha,2023-11,332777,11092.566666666668,4546.304097140684,30,52609,1753.6333333333334,81200,146626,74791,30160,-0.20592116409312933,-0.9426914187542775,0.15809085363471634,0.10409953915811045,0.24400724809707403,0.44061338373745784,0.22474810458655495,0.09063126357891321
Odisha,2023-12,327200,10554.838709677419,4470.156411109677,31,52449,1691.9032258064517,83500,146378,72902,24669,-0.01675897072213528,-1.087882745545644,0.16029645476772617,0.10409953915811045,0.2551955990220049,0.44736552567237164,0.22280562347188265,0.0753942542787286
Punjab,2023-01,467901,15093.58064516129,6653.882444479031,31,74230,2394.516129032258,115143,213640,105886,33859,,1.7532375083937677,0.1586446705606528,0.15230732204915146,0.24608410753556842,0.4565923133312389,0.22630000790765567,0.07236359828254267
Punjab,2023-02,294428,10515.285714285714,5101.473555146829,28,41145,1469.4642857142858,75344,131864,65636,21773,-0.37074723071760907,-1.330975349722331,0.13974554050565843,0.15230732204915146,0.25589957476870406,0.44786501283845287,0.2229271672531145,0.07395016778295542
Punjab,2023-03,373412,12045.548387096775,5179.37940837645,31,57993,1870.741935483871,93993,167115,84581,27926,0.2682625293789993,0.07329775551849584,0.15530566773429885,0.15230732204915146,0.25171392456589503,0.4475351622336722,0.22650852141870106,0.07478602722997654
Punjab,2023-04,414440,13814.666666666666,6514.742418669305,30,61018,2033.9333333333334,106065,184963,91310,32412,0.1098732767024091,0.8027431743605479,0.14722999710452658,0.15230732204915146,0.2559236560177589,0.446296206929833,0.2203213975484992,0.07820673680146704
Punjab,2023-05,297073,9583.0,4113.055206696518,31,45456,1466.3225806451612,71018,136289,65358,24418,-0.2831941897500241,-1.2839493398549908,0.15301289582021926,0.15230732204915146,0.23905908648715973,0.4587727595574152,0.2200065303814214,0.08219528533390782
Punjab,2023-06,342673,11422.433333333332,4396.277843211532,30,51275,1709.1666666666667,81022,158480,77954,25217,0.15349762516283882,-0.4732173739000924,0.1496324484275096,0.15230732204915146,0.23644115527047652,0.46248172455956554,0.22748801335383878,0.07358910681611916
Punjab,2023-07,444050,14324.193548387097,5427.390474370747,31,65440,2110.967741935484,111885,200877,99892,31430,0.29584180837124596,1.3291855759378404,0.14737079157752506,0.15230732204915146,0.2519648688210787,0.4523747325751605,0.2249566490260106,0.07078031753180948
Punjab,2023-08,359949,11611.258064516129,4145.644107315066,31,54525,1758.8709677419354,86734,165980,79826,27409,-0.18939533836279698,-0.16606374574577604,0.15147979297067085,0.15230732204915146,0.24096191404893472,0.46112088101369914,0.221770306348955,0.07614689858841113
Punjab,2023-09,357141,11904.7,5338.911513433789,30,57030,1901.0,88704,157132,82568,28782,-0.007801105156563848,-0.21598776680720924,0.15968483036111789,0.15230732204915146,0.24837249153695598,0.43997188785381686,0.23119160219633142,0.08059001906809915
Punjab,2023-10,418411,13497.129032258064,6586.504170103872,31,61690,1990.0,106258,183971,94120,34707,0.1715568920958388,0.873344416395787,0.14743876236523418,0.15230732204915146,0.253956038440672,0.4396896831106257,0.22494628487300763,0.0829495400455533
Punjab,2023-11,343683,11456.1,4069.9323501113327,30,51974,1732.4666666666667,83071,155058,79082,26598,-0.1785995110071198,-0.45526037202258257,0.15122656634165788,0.15230732204915146,0.24170820203501484,0.4511657544888749,0.2301015761617537,0.07739108422587093
Punjab,2023-12,318311,10268.09677419355,4456.143439902855,31,49311,1590.6774193548388,81320,142087,72238,22716,-0.07382384348367532,-0.9063544825534527,0.15491453327092058,0.15230732204915146,0.25547342064835965,0.4463779134242926,0.2269415760058559,0.07136416900452702
Rajasthan,2023-01,414737,13378.612903225807,5630.308627878341,31,61244,1975.6129032258063,104148,185672,92321,32693,,0.65853632228237,0.1476694869278603,0.17658292211063764,0.2511181785083077,0.44768612397736396,0.2226013111923942,0.07882826948162329
Rajasthan,2023-02,280167,10005.964285714286,5134.667167850627,28,45257,1616.3214285714287,70196,129347,61643,18981,-0.3244706886532911,-1.392636972489473,0.16153579829173315,0.17658292211063764,0.2505505644847537,0.4616782133513226,0.22002234381636668,0.067748878347557
Rajasthan,2023-03,382318,12332.838709677419,4219.557521010738,31,56964,1837.5483870967741,96696,174864,85369,25389,0.3646075376471889,0.1643921070545453,0.14899638520812516,0.17658292211063764,0.25292034379757167,0.4573784127349484,0.22329317479166558,0.06640806867581438
Rajasthan,2023-04,436065,14535.5,5890.43631514327,30,65395,2179.8333333333335,114229,199770,95789,26337,0.14058192394812696,0.9836267884404578,0.1499661747675232,0.17658292211063764,0.2619540664809145,0.4581197757215094,0.21966679279465218,0.06039695916893124
Rajasthan,2023-05,364784,11767.225806451614,4899.874493016309,31,54211,1748.741935483871,91522,159114,81170,33122,-0.16346416245284534,-0.102868594071482,0.14861123294881354,0.17658292211063764,0.2508936795473486,0.43618689416202466,0.2225152418965744,0.0907989385499364
Rajasthan,2023-06,341375,11379.166666666666,3641.4015498330364,30,52773,1759.1,84139,158514,76038,23133,-0.0641722224658976,-0.45967854916781903,0.1545895276455511,0.17658292211063764,0.24647088978396192,0.4643398022702307,0.22274038813621383,0.06776418894177957
Rajasthan,2023-07,461055,14872.741935483871,5798.296111604638,31,72516,2339.2258064516127,117042,207472,103267,33556,0.3505822043207616,1.3645350193711878,0.1572827536844845,0.17658292211063764,0.2538569151185867,0.4499940354187678,0.2239797854919695,0.07278090466430252
Rajasthan,2023-08,321741,10378.741935483871,4777.667764141425,31,49636,1601.1612903225807,80825,142646,73465,25016,-0.30216351628330673,-0.7589483453300421,0.15427315760192203,0.17658292211063764,0.2512113780960462,0.4433566129277897,0.22833583534582164,0.07775198063038283
Rajasthan,2023-09,319645,10654.833333333334,4104.262326792287,30,48943,1631.4333333333334,78369,144355,72811,24329,-0.006514556739737887,-0.7908964706614071,0.15311673888219743,0.17658292211063764,0.24517511614447277,0.4516103802656072,0.22778707628775674,0.07611256237388353
Rajasthan,2023-10,490040,15807.741935483871,5693.226396152666,31,77368,2495.7419354838707,120514,217843,111100,40583,0.5330757559167201,1.8063367430017285,0.15788098930699535,0.17658292211063764,0.24592686311321524,0.44454126193780097,0.2267161864337605,0.08281568851522325
Rajasthan,2023-11,322659,10755.3,5525.442607641929,30,49832,1661.0666666666666,79501,144187,71451,27722,-0.34156599461268466,-0.7449557980713623,0.1544416861144428,0.17658292211063764,0.24639325107931284,0.44687115499645136,0.22144431117681515,0.08591733068037774
Rajasthan,2023-12,323808,10445.41935483871,4119.942554406905,31,50791,1638.4193548387098,82665,143789,70946,26408,0.003561035024592485,-0.7274422503587008,0.15685529696610337,0.17658292211063764,0.25529017195375037,0.44405635438284413,0.21909897223045754,0.08155450143294792
Tamil Nadu,2023-01,564337,18204.41935483871,8025.960240678135,31,81326,2623.4193548387098,138691,255058,127961,43328,,1.7945124236694006,0.14410892782149673,0.14570020816529536,0.24575918289957951,0.4519604420762771,0.22674572108509633,0.07677681952450398
Tamil Nadu,2023-02,361331,12904.67857142857,5464.927481160077,28,51919,1854.25,93950,163539,79535,24314,-0.35972477438126504,-1.3199561107400686,0.1436881972485062,0.14570020816529536,0.2600109041294547,0.45260163119134533,0.22011673507116744,0.06729010242686069
Tamil Nadu,2023-03,432897,13964.41935483871,5936.158913945356,31,64055,2066.2903225806454,107948,195291,97917,31812,0.19806216460807402,-0.22200799524817147,0.14796822338801147,0.14570020816529536,0.2493618574395295,0.4511257874274943,0.22619006368720504,0.07348630274638078
Tamil Nadu,2023-04,511272,17042.4,6490.350277992282,30,81928,2730.9333333333334,127279,233720,113603,36732,0.18104768570814778,0.9804021373801358,0.160243471185592,0.14570020816529536,0.2489457666369369,0.4571343629222801,0.22219679544352125,0.0718443411726048
Tamil Nadu,2023-05,394124,12713.677419354839,4862.2592100592965,31,61940,1998.0645161290322,96454,178544,88662,30464,-0.22913048240466916,-0.8168539036679144,0.1571586607260659,0.14570020816529536,0.24473008494788442,0.45301478722432537,0.22495965736671708,0.07729547046107317
Tamil Nadu,2023-06,418718,13957.266666666666,6057.512969421744,30,60514,2017.1333333333334,107613,187641,93146,30728,0.06240168068932617,-0.4395387546808575,0.14452208885216303,0.14570020816529536,0.2570059085112176,0.44813215577070964,0.222455208517427,0.07338590650509412
Tamil Nadu,2023-07,529688,17086.709677419356,7788.894727724203,31,87097,2809.5806451612902,133992,235134,116968,44031,0.26502323759666413,1.2629359173161219,0.16443075923940131,0.14570020816529536,0.25296400900152544,0.4439103774297322,0.22082433432511214,0.0831262932141185
Tamil Nadu,2023-08,473117,15261.838709677419,5302.265635850234,31,72621,2342.6129032258063,115429,214068,105592,38589,-0.10680060714986939,0.3950374342167155,0.15349480149730405,0.14570020816529536,0.24397559166125926,0.45246313279801825,0.22318369451953746,0.08156333422810848
Tamil Nadu,2023-09,396830,13227.666666666666,5096.565620732926,30,62534,2084.4666666666667,97877,178208,86920,33992,-0.16124341336286796,-0.7753391117203267,0.15758385202731648,0.14570020816529536,0.24664717889272483,0.4490789506841721,0.21903585918403345,0.08565884635738226
Tamil Nadu,2023-10,494792,15961.032258064517,6745.218387785879,31,78615,2535.967741935484,122774,230631,112705,29813,0.24686137640803363,0.7275699972115297,0.1588849455932998,0.14570020816529536,0.24813254862649356,0.4661170754579702,0.2277825833885754,0.06025360151336319
Tamil Nadu,2023-11,403092,13436.4,5034.179429076593,30,62671,2089.0333333333333,97629,181274,89456,35017,-0.18533040146162427,-0.6792690351586875,0.15547567304734403,0.14570020816529536,0.2422002917448126,0.4497087513520487,0.2219245234338563,0.08687098726841515
Tamil Nadu,2023-12,388216,12523.09677419355,5618.3686680675,31,57911,1868.0967741935483,98543,175828,86424,27421,-0.03690472646442999,-0.9074929985778736,0.14917211037154574,0.14570020816529536,0.25383549364271435,0.45291281142456774,0.22261833618398005,0.07063335874873782
Telangana,2023-01,447091,14422.290322580646,6311.457682625297,31,65603,2116.2258064516127,112704,205018,99441,30460,,1.4453115047605878,0.1467329917175698,0.16744388269400345,0.2520829092958704,0.4585598904920922,0.22241780756042953,0.06812930700908763
Telangana,2023-02,304133,10861.892857142857,4477.323120060531,28,46521,1661.4642857142858,78968,137851,69474,18574,-0.3197514599936031,-0.9264326713274337,0.152962684088869,0.16744388269400345,0.25964956121170674,0.45325893605758005,0.2284329553188901,0.06107196522574006
Telangana,2023-03,346014,11161.741935483871,4152.351060686318,31,51742,1669.0967741935483,88446,153973,77024,26906,0.137706200905525,-0.23160609401981588,0.14953730195888026,0.16744388269400345,0.25561393469628396,0.4449906651175964,0.22260370967648707,0.07775985942765322
Telangana,2023-04,428981,14299.366666666667,5883.9349400006895,30,62686,2089.5333333333333,108898,195258,94351,30819,0.2397793152878207,1.1448576160033719,0.1461276839766796,0.16744388269400345,0.2538527347365035,0.4551670120588091,0.21994214195966721,0.07184234266785708
Telangana,2023-05,323711,10442.290322580646,4130.70840731182,31,49912,1610.0645161290322,79730,149547,72868,22130,-0.245395483716062,-0.6016239339398703,0.15418691363592835,0.16744388269400345,0.24629994037891823,0.4619768867909957,0.2251020200116771,0.06836344764311376
Telangana,2023-06,312217,10407.233333333334,4348.607630378774,30,47041,1568.0333333333333,77950,137020,70305,27078,-0.03550697999141206,-0.7923150988971006,0.15066764461896692,0.16744388269400345,0.24966609761800287,0.4388614329136466,0.22517992293821285,0.08672814100449366
Telangana,2023-07,368174,11876.58064516129,5251.074123606798,31,51423,1658.8064516129032,92311,168106,83792,24092,0.17922470589365735,0.13603930492330416,0.13967037324743192,0.16744388269400345,0.2507265586380353,0.4565938931048906,0.22758804261028753,0.0654364512431622
Telangana,2023-08,334003,10774.290322580646,4786.907158723319,31,50670,1634.516129032258,81262,149273,75238,28230,-0.09281209428150816,-0.4308745455859628,0.15170522420457302,0.16744388269400345,0.2432972158932704,0.4469211354389032,0.22526144974745735,0.08452019892036898
Telangana,2023-09,349162,11638.733333333334,4704.100353237942,30,53430,1781.0,85614,152538,79047,31963,0.0453858198878454,-0.17937921153457484,0.1530235248967528,0.16744388269400345,0.2451985038463521,0.4368688459798031,0.2263906152444997,0.09154203492934512
Telangana,2023-10,482760,15572.90322580645,5602.201182599798,31,72768,2347.3548387096776,119263,222315,106554,35297,0.38262468424399,2.037077918790468,0.15073328361918967,0.16744388269400345,0.2470440798740575,0.46050832711906536,0.2207183693760875,0.0731150053856989
Telangana,2023-11,304214,10140.466666666667,4088.6846188772843,30,44270,1475.6666666666667,77063,135630,69797,21956,-0.3698442290164885,-0.9250888411237156,0.1455225597769991,0.16744388269400345,0.2533183877139119,0.4458374696759518,0.22943388535701842,0.0721728783027737
Telangana,2023-12,319230,10297.741935483871,4281.095957561506,31,49402,1593.6129032258063,79669,141514,69703,28344,0.049359990007034504,-0.6759659480492621,0.1547536259123516,0.16744388269400345,0.24956614353287598,0.4432979356576763,0.21834727312595933,0.08878864768348839
Uttar Pradesh,2023-01,668376,21560.516129032258,7857.3200387535335,31,100232,3233.2903225806454,164325,302568,150119,52486,,1.9734381461647674,0.14996349360240344,0.1509667462351955,0.24585712233832455,0.4526912995080613,0.2246026188851784,0.07852765509234323
Uttar Pradesh,2023-02,424312,15154.0,5810.607764476329,28,65582,2342.214285714286,107124,192274,94725,30189,-0.36515973045112327,-1.1659910348078657,0.15456079488678143,0.1509667462351955,0.2524651671411603,0.4531429702671619,0.22324374516864948,0.07114811742302833
Uttar Pradesh,2023-03,412532,13307.483870967742,4874.822382206814,31,65684,2118.8387096774195,107582,187362,93096,25601,-0.02776258979241686,-1.3175188133899491,0.15922158765865435,0.1509667462351955,0.2607846179205492,0.4541756760687656,0.22566976622419593,0.06205821608990333
Uttar Pradesh,2023-04,620335,20677.833333333332,8497.43019199429,30,88521,2950.7,157404,278446,138870,45615,0.503725771576508,1.3554800807265779,0.14269870312008834,0.1509667462351955,0.25374031773154826,0.4488639203011276,0.22386291278099738,0.07353284918632674
Uttar Pradesh,2023-05,471603,15213.0,6353.9590912543135,31,70569,2276.4193548387098,123990,214687,107230,26401,-0.23976077442027288,-0.5576803236936629,0.14963645269432127,0.1509667462351955,0.2629118135380818,0.455228232220745,0.22737344758197042,0.0559814080911275
Uttar Pradesh,2023-06,485288,16176.266666666666,5674.722657256618,30,70582,2352.733333333333,119486,218698,109773,37331,0.02901805119984391,-0.38164826512865346,0.14544353043965644,0.1509667462351955,0.24621667957996077,0.4506561052405994,0.22620176060401245,0.07692545457542738
Uttar Pradesh,2023-07,586321,18913.58064516129,8603.83637212375,31,85763,2766.548387096774,150691,263098,129820,43147,0.20819183660012208,0.9179532674251359,0.1462731166033623,0.1509667462351955,0.2570110911940729,0.4487268919243895,0.2214145493680083,0.07358938192560048
Uttar Pradesh,2023-08,475907,15351.838709677419,6099.665974990074,31,74080,2389.6774193548385,119538,213757,107894,35016,-0.18831663883776972,-0.5023173730130783,0.1556606647937517,0.1509667462351955,0.2511793270533949,0.4491570832116359,0.22671236186902063,0.07357740062659301
Uttar Pradesh,2023-09,509371,16979.033333333333,6637.510846712785,30,71560,2385.3333333333335,123805,234385,116361,35008,0.07031625926914287,-0.07186528621589316,0.140486992781293,0.1509667462351955,0.24305466938636083,0.46014594470435105,0.22844056689524925,0.06872790166695787
Uttar Pradesh,2023-10,544243,17556.225806451614,7939.655671415807,31,81416,2626.3225806451615,140230,248902,119373,36483,0.06846090570527186,0.3766981004321896,0.14959494196526185,0.1509667462351955,0.257660640559456,0.4573361531521765,0.21933768555590058,0.06703439456272291
Uttar Pradesh,2023-11,461627,15387.566666666668,5447.500278889919,30,71020,2367.3333333333335,113385,206008,102743,39491,-0.15179983940996944,-0.6860029993417839,0.1538471536543573,0.1509667462351955,0.24562038182342022,0.446265058153011,0.22256713753744906,0.08554742248611974
Uttar Pradesh,2023-12,519580,16760.645161290322,7485.690560655875,31,77069,2486.0967741935483,127514,232851,118272,40943,0.12554075043270863,0.05945450084221296,0.14832941991608606,0.1509667462351955,0.24541745255783518,0.4481523538242427,0.2276300088533046,0.07880018476461757
Uttarakhand,2023-01,412529,13307.387096774193,6361.7849260377625,31,58576,1889.5483870967741,101282,181353,93327,36641,,0.9819024888289417,0.14199244174348954,0.13484059550118868,0.2455148607734244,0.4396127302565395,0.22623136797655438,0.08882042232182465
Uttarakhand,2023-02,280017,10000.607142857143,4463.273822018706,28,40248,1437.4285714285713,70824,126270,63423,19939,-0.32121862947817004,-1.7157129902204764,0.14373413042779545,0.13484059550118868,0.25292750083030674,0.4509369074020506,0.22649696268440844,0.07120639104054396
Uttarakhand,2023-03,348368,11237.677419354839,4436.849312947922,31,48091,1551.3225806451612,87305,155593,78146,27324,0.2440958941778535,-0.32425624963466704,0.1380465484774721,0.13484059550118868,0.2506114224038947,0.44663401919808937,0.22432025903642125,0.07843429936159464
Uttarakhand,2023-04,429890,14329.666666666666,5662.264438783537,30,67501,2250.0333333333333,107179,194851,96053,32173,0.23401116061176697,1.3353293658799028,0.15701923747935517,0.13484059550118868,0.24931726720789038,0.453257810137477,0.2234362278722464,0.07484007536811743
Uttarakhand,2023-05,370185,11941.451612903225,4354.850061243668,31,53038,1710.9032258064517,91644,170340,83113,25088,-0.13888436576798713,0.11988372943455804,0.14327430879155018,0.13484059550118868,0.24756270513391954,0.46014830422626524,0.2245174709942326,0.06777151964558262
Uttarakhand,2023-06,328687,10956.233333333334,3967.1971577558065,30,50670,1689.0,84877,150038,73281,21242,-0.11210070640355496,-0.7249125693881354,0.15415881978903942,0.13484059550118868,0.25823047458524373,0.45647683054090976,0.2229507099459364,0.06462683343119746
Uttarakhand,2023-07,426154,13746.90322580645,6798.807725647385,31,61916,1997.2903225806451,108750,195184,96822,25398,0.29653439290267025,1.2592736771141408,0.1452902002562454,0.13484059550118868,0.2551894385597695,0.4580128310422993,0.22719955696766897,0.0595981734302623
Uttarakhand,2023-08,348153,11230.741935483871,4202.89163130768,31,52506,1693.741935483871,86468,156472,78110,27311,-0.1830347714675915,-0.32863311609201146,0.15081300462727593,0.13484059550118868,0.24836207069880195,0.4494345876669166,0.22435538398347854,0.07844539613330921
Uttarakhand,2023-09,330525,11017.5,3920.2180424052945,30,49560,1652.0,83684,150827,73881,22251,-0.05063291139240511,-0.6874954505574421,0.14994327206716587,0.13484059550118868,0.25318508433552683,0.45632554269722414,0.22352620830496936,0.06732017245291581
Uttarakhand,2023-10,416603,13438.806451612903,7027.43976338161,31,62502,2016.1935483870968,103088,185287,94682,33546,0.26042810679978823,1.064839018816017,0.1500277242362633,0.13484059550118868,0.2474490102087599,0.4447567588327496,0.22727152708933926,0.08052270386915121
Uttarakhand,2023-11,307575,10252.5,3428.5654560190183,30,47853,1595.1,80804,138740,69656,18923,-0.26170718885845756,-1.154700497980952,0.15558156547183613,0.13484059550118868,0.2627131593920182,0.4510769730959929,0.22646834105502722,0.06152320572218158
Uttarakhand,2023-12,372867,12027.967741935483,4363.77467707237,31,59698,1925.741935483871,91119,166533,85810,29405,0.21227993172396986,0.174482593800129,0.16010534587399797,0.13484059550118868,0.24437399930806428,0.44662842246699225,0.23013567840543678,0.07886189981950668
West Bengal,2023-01,412423,13303.967741935483,6028.287653410217,31,55968,1805.4193548387098,104797,189508,91342,26776,,0.9398279736843871,0.13570533166191023,0.17031446428784786,0.25410076547622223,0.45949910649987996,0.22147649379399306,0.06492363422990473
West Bengal,2023-02,301625,10772.32142857143,4492.860171704298,28,43184,1542.2857142857142,74948,133065,67214,26477,-0.2686513603751488,-0.8900423802447985,0.14317115623704932,0.17031446428784786,0.2484807293825114,0.44116038126813095,0.22283961873186905,0.08778118524658102
West Bengal,2023-03,335172,10812.0,4286.684072022726,31,50250,1620.967741935484,80890,152621,75602,26313,0.11122088686282638,-0.3360011451750104,0.14992302459632667,0.17031446428784786,0.24133877531536047,0.455351282326686,0.22556180110510424,0.07850596111847051
West Bengal,2023-04,449140,14971.333333333334,5995.126919558016,30,72927,2430.9,116657,203240,101908,27759,0.34002840332724693,1.5462229427742435,0.1623703076991584,0.17031446428784786,0.25973415861424054,0.45250923988066083,0.22689584539341853,0.06180478247317095
West Bengal,2023-05,306292,9880.387096774193,3907.732570834561,31,46338,1494.774193548387,76375,137558,68726,23786,-0.31804782473170945,-0.8129651320833922,0.15128700716962898,0.17031446428784786,0.2493535580426521,0.44910738772152065,0.22438065636712679,0.07765792119937837
West Bengal,2023-06,298635,9954.5,4991.1256608173035,30,44029,1467.6333333333334,74561,134705,67570,21983,-0.024999020542488815,-0.9394233470334433,0.14743415875567165,0.17031446428784786,0.24967267734860282,0.45106903075660926,0.22626282920622165,0.07361159944413749
West Bengal,2023-07,426307,13751.838709677419,6104.110746574935,31,65170,2102.2580645161293,107539,188062,98283,32619,0.42751854270263023,1.169127419468181,0.15287105302047585,0.17031446428784786,0.2522571761664716,0.4411421815733732,0.23054512358464674,0.07651528124098361
West Bengal,2023-08,306763,9895.58064516129,4492.440849354194,31,46425,1497.5806451612902,75179,140728,67764,23240,-0.28041763330182234,-0.8051863911611674,0.15133832958994403,0.17031446428784786,0.24507192849202805,0.45875154435182863,0.22090017374976773,0.07575881054755626
West Bengal,2023-09,332490,11083.0,4337.135054705885,30,50033,1667.7666666666667,85535,150663,75793,20935,0.08386604642672024,-0.3802953769232195,0.15047971367559926,0.17031446428784786,0.2572558573190171,0.45313543264459083,0.2279557279918193,0.06296429967818581
West Bengal,2023-10,451518,14565.09677419355,6087.576706456292,31,69068,2228.0,113038,205264,103344,30251,0.35798971397636015,1.5854965009760487,0.15296843093741555,0.17031446428784786,0.2503510380538539,0.45460867562312024,0.2288812406149921,0.06699843638570334
West Bengal,2023-11,316271,10542.366666666667,4287.959907842466,30,45557,1518.5666666666666,77740,139609,70916,28006,-0.29953844586483813,-0.6481582198479786,0.14404418995102303,0.17031446428784786,0.24580185979745217,0.4414220715778557,0.22422542692817235,0.08855064169651976
West Bengal,2023-12,329565,10631.129032258064,4671.642799857708,31,50782,1638.1290322580646,83617,147232,72505,26514,0.04203357247423889,-0.42860284443385027,0.15408796443797126,0.17031446428784786,0.2537192966486126,0.44674646883012453,0.22000212401195515,0.08045150425560967
