Date,State_Name,District_Name,Pincode,Total_Enrolments,Total_Updates,Age_Group_0_18,Age_Group_19_40,Age_Group_41_60,Age_Group_60_Plus
2023-01-01,Maharashtra,Maharashtra_District_5,892572,6137,946,1590,2867,1249,431
2023-01-01,Uttar Pradesh,Uttar_District_7,894075,9234,2755,2549,3947,2149,589
2023-01-01,Karnataka,Karnataka_District_3,188713,5043,909,1213,2402,1078,350
2023-01-01,Tamil Nadu,Tamil_District_6,116946,4966,1341,1419,2461,1071,15
2023-01-01,Delhi,Delhi_District_2,469352,2685,716,679,1261,571,174
2023-01-01,West Bengal,West_District_3,984415,4066,636,1155,1729,905,277
2023-01-01,Rajasthan,Rajasthan_District_6,207753,3102,363,659,1261,774,408
2023-01-01,Gujarat,Gujarat_District_7,833878,3487,352,992,1429,714,352
2023-01-01,Madhya Pradesh,Madhya_District_7,803707,3205,853,866,1524,646,169
2023-01-01,Bihar,Bihar_District_6,819866,2214,483,527,1059,512,116
2023-01-01,Andhra Pradesh,Andhra_District_2,757038,2817,312,593,1380,638,206
2023-01-01,Telangana,Telangana_District_4,845900,2862,548,590,1313,596,363
2023-01-01,Kerala,Kerala_District_4,648638,2825,441,627,1390,686,122
2023-01-01,Odisha,Odisha_District_6,999414,1827,488,472,777,428,150
2023-01-01,Assam,Assam_District_1,337382,1248,231,301,545,295,107
2023-01-02,Maharashtra,Maharashtra_District_4,782206,10794,1372,3014,5287,2643,-150
2023-01-02,Uttar Pradesh,Uttar_District_5,166384,15715,4597,4051,7843,3245,576
2023-01-02,Karnataka,Karnataka_District_4,629036,7589,1178,1622,3315,1606,1046
2023-01-02,Tamil Nadu,Tamil_District_1,713128,9285,1378,2454,4524,1927,380
2023-01-02,Delhi,Delhi_District_3,908853,5494,973,1107,2258,1213,916
2023-01-02,West Bengal,West_District_5,936922,6553,1409,1668,2840,1334,711
2023-01-02,Rajasthan,Rajasthan_District_6,203110,6163,825,1598,2764,1519,282
2023-01-02,Gujarat,Gujarat_District_3,746481,6752,1899,1438,2822,1565,927
2023-01-02,Madhya Pradesh,Madhya_District_3,682648,5067,564,1437,2518,1203,-91
2023-01-02,Bihar,Bihar_District_1,611904,3981,466,1162,1849,883,87
2023-01-02,Andhra Pradesh,Andhra_District_2,778627,5219,1202,1144,2248,1152,675
2023-01-02,Telangana,Telangana_District_6,628080,4990,1104,1102,2033,1195,660
2023-01-02,Kerala,Kerala_District_4,903729,4132,1043,999,1787,869,477
2023-01-02,Odisha,Odisha_District_6,974217,3084,316,872,1341,751,120
2023-01-02,Assam,Assam_District_4,418832,2542,264,643,1210,529,160
2023-01-03,Maharashtra,Maharashtra_District_1,147271,9984,1471,2875,4942,2089,78
2023-01-03,Uttar Pradesh,Uttar_District_1,792056,15864,2776,3249,7755,3957,903
2023-01-03,Karnataka,Karnataka_District_6,583120,8289,1851,1749,3914,1981,645
2023-01-03,Tamil Nadu,Tamil_District_7,611918,8730,2153,2300,3867,1776,787
2023-01-03,Delhi,Delhi_District_7,512122,4941,737,1443,2225,1112,161
2023-01-03,West Bengal,West_District_3,623763,6431,1839,1348,2684,1414,985
2023-01-03,Rajasthan,Rajasthan_District_6,298378,5646,1014,1611,2657,1357,21
2023-01-03,Gujarat,Gujarat_District_5,372677,6571,1539,1540,3240,1490,301
2023-01-03,Madhya Pradesh,Madhya_District_3,556512,4766,689,1035,2049,1036,646
2023-01-03,Bihar,Bihar_District_2,466781,3984,464,864,1855,848,417
2023-01-03,Andhra Pradesh,Andhra_District_6,614249,4997,938,1463,2386,1030,118
2023-01-03,Telangana,Telangana_District_5,499803,4557,930,1249,1977,940,391
2023-01-03,Kerala,Kerala_District_1,905575,3491,391,886,1550,729,326
2023-01-03,Odisha,Odisha_District_6,388063,3032,627,734,1297,653,348
2023-01-03,Assam,Assam_District_6,355148,2991,358,600,1205,711,475
2023-01-04,Maharashtra,Maharashtra_District_4,863220,9961,2665,2033,4861,2037,1030
2023-01-04,Uttar Pradesh,Uttar_District_4,110253,15709,4571,3915,6606,3518,1670
2023-01-04,Karnataka,Karnataka_District_3,432810,8020,2388,2322,3834,1713,151
2023-01-04,Tamil Nadu,Tamil_District_4,131856,9597,1220,2097,4182,2096,1222
2023-01-04,Delhi,Delhi_District_6,521216,5382,1192,1290,2371,1339,382
2023-01-04,West Bengal,West_District_6,291907,6953,1430,2031,3181,1698,43
2023-01-04,Rajasthan,Rajasthan_District_6,875526,5379,1589,1535,2537,1247,60
2023-01-04,Gujarat,Gujarat_District_6,258752,6082,658,1657,2897,1447,81
2023-01-04,Madhya Pradesh,Madhya_District_4,113477,5201,1550,1413,2313,1261,214
2023-01-04,Bihar,Bihar_District_6,537645,3627,746,777,1551,885,414
2023-01-04,Andhra Pradesh,Andhra_District_5,880286,5505,815,1145,2290,1329,741
2023-01-04,Telangana,Telangana_District_4,768559,4337,758,1122,1925,960,330
2023-01-04,Kerala,Kerala_District_4,176164,3998,907,1063,1763,932,240
2023-01-04,Odisha,Odisha_District_7,651408,3490,715,781,1655,802,252
2023-01-04,Assam,Assam_District_3,677207,2896,789,749,1215,596,336
2023-01-05,Maharashtra,Maharashtra_District_1,396017,10463,2483,2371,5063,2253,776
2023-01-05,Uttar Pradesh,Uttar_District_6,630858,15534,3074,4424,6390,3436,1284
2023-01-05,Karnataka,Karnataka_District_5,244389,7764,2147,1738,3457,1600,969
2023-01-05,Tamil Nadu,Tamil_District_5,517813,8683,2529,1809,3625,1878,1371
2023-01-05,Delhi,Delhi_District_3,153315,5176,787,1283,2111,1188,594
2023-01-05,West Bengal,West_District_4,538477,6930,937,1794,3086,1630,420
2023-01-05,Rajasthan,Rajasthan_District_3,554870,5554,1279,1140,2224,1209,981
2023-01-05,Gujarat,Gujarat_District_2,226795,6860,913,1508,2831,1636,885
2023-01-05,Madhya Pradesh,Madhya_District_3,479165,5291,1442,1067,2542,1113,569
2023-01-05,Bihar,Bihar_District_3,797226,4178,457,845,1942,887,504
2023-01-05,Andhra Pradesh,Andhra_District_6,687506,5406,1531,1211,2664,1081,450
2023-01-05,Telangana,Telangana_District_7,233366,4861,762,1455,2217,1022,167
2023-01-05,Kerala,Kerala_District_5,640297,3572,473,794,1667,715,396
2023-01-05,Odisha,Odisha_District_7,580339,2942,319,844,1463,608,27
2023-01-05,Assam,Assam_District_3,472793,2784,420,781,1192,673,138
2023-01-06,Maharashtra,Maharashtra_District_7,895180,10599,1797,2145,5191,2214,1049
2023-01-06,Uttar Pradesh,Uttar_District_3,521227,15536,2002,4070,6462,3826,1178
2023-01-06,Karnataka,Karnataka_District_3,862252,8137,2053,1733,3371,1829,1204
2023-01-06,Tamil Nadu,Tamil_District_6,197166,9404,1971,1968,3828,2048,1560
2023-01-06,Delhi,Delhi_District_2,443510,5292,1220,1193,2170,1284,645
2023-01-06,West Bengal,West_District_4,905266,6414,1120,1475,3121,1575,243
2023-01-06,Rajasthan,Rajasthan_District_3,210578,6113,1222,1701,2607,1512,293
2023-01-06,Gujarat,Gujarat_District_3,428965,6297,1482,1881,2947,1395,74
2023-01-06,Madhya Pradesh,Madhya_District_7,161908,5587,1643,1281,2745,1351,210
2023-01-06,Bihar,Bihar_District_7,183360,4371,857,1108,2032,1050,181
2023-01-06,Andhra Pradesh,Andhra_District_7,102442,5676,1003,1613,2445,1266,352
2023-01-06,Telangana,Telangana_District_4,713699,4880,949,1359,2065,1050,406
2023-01-06,Kerala,Kerala_District_2,545367,4049,765,990,1633,997,429
2023-01-06,Odisha,Odisha_District_1,779433,3546,954,726,1763,857,200
2023-01-06,Assam,Assam_District_3,605993,2673,672,792,1266,582,33
2023-01-07,Maharashtra,Maharashtra_District_4,331822,6183,1552,1854,2556,1449,324
2023-01-07,Uttar Pradesh,Uttar_District_4,922887,9682,2565,2189,4229,1943,1321
2023-01-07,Karnataka,Karnataka_District_3,189472,4497,1022,1297,1844,1016,340
2023-01-07,Tamil Nadu,Tamil_District_6,290043,5047,1047,1108,2098,1119,722
2023-01-07,Delhi,Delhi_District_4,888013,3389,482,697,1371,834,487
2023-01-07,West Bengal,West_District_2,225025,4236,820,858,2093,893,392
2023-01-07,Rajasthan,Rajasthan_District_7,566078,3898,463,1005,1834,811,248
2023-01-07,Gujarat,Gujarat_District_1,117106,3496,910,790,1621,814,271
2023-01-07,Madhya Pradesh,Madhya_District_3,495416,2642,288,723,1124,642,153
2023-01-07,Bihar,Bihar_District_1,311251,1969,366,525,809,487,148
2023-01-07,Andhra Pradesh,Andhra_District_1,464958,3563,555,796,1503,809,455
2023-01-07,Telangana,Telangana_District_6,100970,2429,348,528,1183,537,181
2023-01-07,Kerala,Kerala_District_3,755985,2048,570,429,1008,454,157
2023-01-07,Odisha,Odisha_District_1,207768,2442,413,569,1005,537,331
2023-01-07,Assam,Assam_District_5,420120,1350,396,374,627,281,68
2023-01-08,Maharashtra,Maharashtra_District_3,684920,6626,1872,1967,3160,1635,-136
2023-01-08,Uttar Pradesh,Uttar_District_2,209080,8912,1473,2647,3951,1857,457
2023-01-08,Karnataka,Karnataka_District_3,780328,4206,1069,1212,1924,957,113
2023-01-08,Tamil Nadu,Tamil_District_6,701388,5738,1718,1510,2775,1426,27
2023-01-08,Delhi,Delhi_District_5,748872,2673,521,643,1262,650,118
2023-01-08,West Bengal,West_District_6,290903,3860,509,1023,1597,822,418
2023-01-08,Rajasthan,Rajasthan_District_3,292022,3710,944,1098,1796,743,73
2023-01-08,Gujarat,Gujarat_District_7,855277,4332,438,953,2063,896,420
2023-01-08,Madhya Pradesh,Madhya_District_5,528005,2908,833,864,1347,646,51
2023-01-08,Bihar,Bihar_District_3,305702,2818,435,798,1385,665,-30
2023-01-08,Andhra Pradesh,Andhra_District_1,998462,2705,748,771,1222,572,140
2023-01-08,Telangana,Telangana_District_6,529614,2562,268,664,1116,578,204
2023-01-08,Kerala,Kerala_District_4,802886,2463,263,590,1010,554,309
2023-01-08,Odisha,Odisha_District_2,110450,1956,203,441,881,452,182
2023-01-08,Assam,Assam_District_3,625268,1511,432,322,633,358,198
2023-01-09,Maharashtra,Maharashtra_District_7,376755,10782,2650,2608,4323,2257,1594
2023-01-09,Uttar Pradesh,Uttar_District_1,528840,15674,4455,4121,7291,3151,1111
2023-01-09,Karnataka,Karnataka_District_1,269750,8292,1529,2017,3938,2071,266
2023-01-09,Tamil Nadu,Tamil_District_5,804977,8839,971,2052,4099,1866,822
2023-01-09,Delhi,Delhi_District_4,586220,5581,1347,1176,2773,1311,321
2023-01-09,West Bengal,West_District_1,463629,6683,944,1957,2942,1389,395
2023-01-09,Rajasthan,Rajasthan_District_1,718075,5377,1259,1586,2528,1118,145
2023-01-09,Gujarat,Gujarat_District_4,946921,6780,1227,1646,3052,1469,613
2023-01-09,Madhya Pradesh,Madhya_District_1,175857,5069,1064,1394,2324,1065,286
2023-01-09,Bihar,Bihar_District_4,427571,3470,822,982,1597,723,168
2023-01-09,Andhra Pradesh,Andhra_District_2,883585,5483,1152,1237,2213,1308,725
2023-01-09,Telangana,Telangana_District_2,296203,4077,955,918,1926,860,373
2023-01-09,Kerala,Kerala_District_3,931744,4296,1035,1222,1759,884,431
2023-01-09,Odisha,Odisha_District_5,773769,3669,999,1014,1658,864,133
2023-01-09,Assam,Assam_District_7,523813,2195,458,500,1069,497,129
2023-01-10,Maharashtra,Maharashtra_District_2,151416,9916,1483,2803,4451,2449,213
2023-01-10,Uttar Pradesh,Uttar_District_5,252218,15593,4142,3909,7512,3455,717
2023-01-10,Karnataka,Karnataka_District_7,708086,8118,2224,2051,3906,2000,161
2023-01-10,Tamil Nadu,Tamil_District_2,451878,9201,2372,2152,4413,2267,369
2023-01-10,Delhi,Delhi_District_2,290905,5075,1268,1241,2089,1028,717
2023-01-10,West Bengal,West_District_4,364515,6376,1272,1556,3118,1399,303
2023-01-10,Rajasthan,Rajasthan_District_7,954242,6342,661,1324,2983,1467,568
2023-01-10,Gujarat,Gujarat_District_5,156610,6387,1856,1907,3155,1471,-146
2023-01-10,Madhya Pradesh,Madhya_District_1,317358,5445,595,1329,2423,1347,346
2023-01-10,Bihar,Bihar_District_7,285483,4018,1060,865,1895,963,295
2023-01-10,Andhra Pradesh,Andhra_District_7,487510,5088,1406,1404,2410,1250,24
2023-01-10,Telangana,Telangana_District_1,921525,4905,1244,1088,2345,1213,259
2023-01-10,Kerala,Kerala_District_5,581240,3749,810,990,1716,783,260
2023-01-10,Odisha,Odisha_District_1,755959,3159,845,862,1289,730,278
2023-01-10,Assam,Assam_District_1,190703,2346,270,555,1011,522,258
2023-01-11,Maharashtra,Maharashtra_District_7,656628,10817,2038,3036,5138,2418,225
2023-01-11,Uttar Pradesh,Uttar_District_6,442357,15542,3867,3904,7413,3863,362
2023-01-11,Karnataka,Karnataka_District_7,990755,8188,886,1973,3379,1781,1055
2023-01-11,Tamil Nadu,Tamil_District_2,116742,9130,1449,2001,4435,2265,429
2023-01-11,Delhi,Delhi_District_4,870856,5175,541,1168,2167,1236,604
2023-01-11,West Bengal,West_District_4,212290,6631,1524,1362,2996,1458,815
2023-01-11,Rajasthan,Rajasthan_District_6,401377,5762,709,1347,2323,1336,756
2023-01-11,Gujarat,Gujarat_District_1,370310,6530,1243,1508,2965,1406,651
2023-01-11,Madhya Pradesh,Madhya_District_6,323143,5100,960,1128,2227,1118,627
2023-01-11,Bihar,Bihar_District_2,367489,4193,794,1255,1705,965,268
2023-01-11,Andhra Pradesh,Andhra_District_5,419716,5519,1535,1405,2744,1215,155
2023-01-11,Telangana,Telangana_District_7,747052,4844,1206,1140,2398,1165,141
2023-01-11,Kerala,Kerala_District_1,815615,3822,845,1027,1814,852,129
2023-01-11,Odisha,Odisha_District_3,354592,3031,599,851,1325,620,235
2023-01-11,Assam,Assam_District_1,837386,2342,528,618,984,571,169
2023-01-12,Maharashtra,Maharashtra_District_7,878589,10245,2563,2910,4693,2309,333
2023-01-12,Uttar Pradesh,Uttar_District_4,607973,15370,4503,3208,6192,3725,2245
2023-01-12,Karnataka,Karnataka_District_3,878549,7774,2209,2100,3768,1664,242
2023-01-12,Tamil Nadu,Tamil_District_4,412162,9414,2808,2254,4424,2058,678
2023-01-12,Delhi,Delhi_District_6,236923,4861,1286,997,2393,1115,356
2023-01-12,West Bengal,West_District_1,586596,6637,1917,1791,2878,1376,592
2023-01-12,Rajasthan,Rajasthan_District_4,616960,5628,820,1452,2558,1397,221
2023-01-12,Gujarat,Gujarat_District_3,277779,6057,770,1525,2832,1367,333
2023-01-12,Madhya Pradesh,Madhya_District_5,214967,4715,1168,1163,1967,991,594
2023-01-12,Bihar,Bihar_District_3,672349,3629,649,1087,1813,827,-98
2023-01-12,Andhra Pradesh,Andhra_District_1,650827,5538,1542,1500,2264,1201,573
2023-01-12,Telangana,Telangana_District_6,929028,4079,505,1081,1912,909,177
2023-01-12,Kerala,Kerala_District_4,546350,3442,396,835,1675,778,154
2023-01-12,Odisha,Odisha_District_3,868417,3013,331,713,1414,708,178
2023-01-12,Assam,Assam_District_4,589122,2149,317,607,1013,495,34
2023-01-13,Maharashtra,Maharashtra_District_2,964532,10120,2331,2577,4138,2424,981
2023-01-13,Uttar Pradesh,Uttar_District_1,562319,15386,1607,4269,7681,3561,-125
2023-01-13,Karnataka,Karnataka_District_2,862532,7700,1345,1965,3362,1573,800
2023-01-13,Tamil Nadu,Tamil_District_4,161569,8931,2120,2526,4329,1801,275
2023-01-13,Delhi,Delhi_District_7,151024,4913,1156,1411,2201,1072,229
2023-01-13,West Bengal,West_District_3,284858,6183,1642,1241,2878,1372,692
2023-01-13,Rajasthan,Rajasthan_District_2,581980,6290,1623,1421,2718,1286,865
2023-01-13,Gujarat,Gujarat_District_4,115923,6067,1275,1260,2482,1300,1025
2023-01-13,Madhya Pradesh,Madhya_District_1,435958,4836,1366,1021,2200,1187,428
2023-01-13,Bihar,Bihar_District_7,268991,4332,1191,1288,1865,947,232
2023-01-13,Andhra Pradesh,Andhra_District_1,595159,5199,1425,1390,2481,1288,40
2023-01-13,Telangana,Telangana_District_6,927948,4573,1272,924,2165,983,501
2023-01-13,Kerala,Kerala_District_5,629100,3587,573,1013,1482,891,201
2023-01-13,Odisha,Odisha_District_5,950288,3452,433,949,1480,822,201
2023-01-13,Assam,Assam_District_6,281742,2306,626,509,1138,544,115
2023-01-14,Maharashtra,Maharashtra_District_1,495774,5766,993,1535,2758,1237,236
2023-01-14,Uttar Pradesh,Uttar_District_7,172963,9585,1789,2064,3961,2354,1206
2023-01-14,Karnataka,Karnataka_District_7,925125,4300,478,1252,2040,873,135
2023-01-14,Tamil Nadu,Tamil_District_2,980715,5427,1107,1131,2245,1315,736
2023-01-14,Delhi,Delhi_District_5,996211,2744,784,773,1133,565,273
2023-01-14,West Bengal,West_District_1,839517,3565,551,758,1547,719,541
2023-01-14,Rajasthan,Rajasthan_District_3,730916,3288,640,841,1493,763,191
2023-01-14,Gujarat,Gujarat_District_3,303441,3453,434,976,1585,710,182
2023-01-14,Madhya Pradesh,Madhya_District_7,252898,2699,726,800,1323,666,-90
2023-01-14,Bihar,Bihar_District_2,119843,1990,360,517,820,424,229
2023-01-14,Andhra Pradesh,Andhra_District_7,610858,2919,620,668,1173,651,427
2023-01-14,Telangana,Telangana_District_5,356542,2642,417,693,1240,563,146
2023-01-14,Kerala,Kerala_District_6,648785,2500,394,573,1236,536,155
2023-01-14,Odisha,Odisha_District_5,374285,2170,290,484,1017,471,198
2023-01-14,Assam,Assam_District_7,858898,1335,345,327,643,294,71
2023-01-15,Maharashtra,Maharashtra_District_4,578410,5797,1388,1495,2453,1362,487
2023-01-15,Uttar Pradesh,Uttar_District_1,783565,9103,2616,1958,3952,2048,1145
2023-01-15,Karnataka,Karnataka_District_5,343925,4410,716,1178,1799,962,471
2023-01-15,Tamil Nadu,Tamil_District_2,644975,5451,942,1158,2713,1235,345
2023-01-15,Delhi,Delhi_District_6,953616,3532,558,709,1670,773,380
2023-01-15,West Bengal,West_District_1,191473,3941,770,952,1684,856,449
2023-01-15,Rajasthan,Rajasthan_District_7,397960,3408,968,785,1526,682,415
2023-01-15,Gujarat,Gujarat_District_2,476569,3945,1180,947,1938,974,86
2023-01-15,Madhya Pradesh,Madhya_District_5,401487,2696,316,745,1127,661,163
2023-01-15,Bihar,Bihar_District_5,394861,2331,661,526,1090,501,214
2023-01-15,Andhra Pradesh,Andhra_District_2,270355,2636,756,592,1255,636,153
2023-01-15,Telangana,Telangana_District_6,479562,2947,750,634,1218,605,490
2023-01-15,Kerala,Kerala_District_1,343228,2299,671,590,1047,534,128
2023-01-15,Odisha,Odisha_District_5,495069,1751,405,508,838,419,-14
2023-01-15,Assam,Assam_District_3,995317,1663,477,459,805,364,35
2023-01-16,Maharashtra,Maharashtra_District_5,439053,10365,1658,2998,4752,2507,108
2023-01-16,Uttar Pradesh,Uttar_District_7,985028,15345,2896,3535,6339,3358,2113
2023-01-16,Karnataka,Karnataka_District_2,633801,8147,1002,2062,3702,1949,434
2023-01-16,Tamil Nadu,Tamil_District_5,580750,8777,1039,2301,3847,1814,815
2023-01-16,Delhi,Delhi_District_2,125807,5395,957,1433,2496,1136,330
2023-01-16,West Bengal,West_District_3,644258,6688,1385,1399,2783,1557,949
2023-01-16,Rajasthan,Rajasthan_District_4,334171,5886,765,1645,2911,1191,139
2023-01-16,Gujarat,Gujarat_District_6,282012,6410,1681,1698,2888,1363,461
2023-01-16,Madhya Pradesh,Madhya_District_1,454988,5608,1270,1141,2330,1310,827
2023-01-16,Bihar,Bihar_District_4,591183,3507,767,725,1454,832,496
2023-01-16,Andhra Pradesh,Andhra_District_2,848698,5478,1270,1206,2331,1199,742
2023-01-16,Telangana,Telangana_District_7,644554,4845,890,1303,1992,1089,461
2023-01-16,Kerala,Kerala_District_7,469006,4353,446,1180,1766,938,469
2023-01-16,Odisha,Odisha_District_6,256344,3205,806,796,1497,798,114
2023-01-16,Assam,Assam_District_5,491129,3029,588,826,1429,664,110
2023-01-17,Maharashtra,Maharashtra_District_2,642241,10416,2774,2455,4538,2466,957
2023-01-17,Uttar Pradesh,Uttar_District_3,167648,15522,3854,3964,7189,3332,1037
2023-01-17,Karnataka,Karnataka_District_4,532616,7627,1125,1579,3664,1824,560
2023-01-17,Tamil Nadu,Tamil_District_1,742090,9153,1417,2168,3944,1853,1188
2023-01-17,Delhi,Delhi_District_1,364354,4830,1405,1426,2201,1038,165
2023-01-17,West Bengal,West_District_3,578497,6890,1463,1597,3348,1666,279
2023-01-17,Rajasthan,Rajasthan_District_5,160031,5907,1330,1678,2934,1341,-46
2023-01-17,Gujarat,Gujarat_District_7,465730,6800,1748,1469,3313,1488,530
2023-01-17,Madhya Pradesh,Madhya_District_1,805490,5141,1006,1377,2181,1261,322
2023-01-17,Bihar,Bihar_District_1,105527,4222,440,1191,1699,953,379
2023-01-17,Andhra Pradesh,Andhra_District_6,430193,5597,640,1377,2689,1340,191
2023-01-17,Telangana,Telangana_District_4,638770,4084,586,870,2035,1009,170
2023-01-17,Kerala,Kerala_District_2,278868,3934,716,958,1643,969,364
2023-01-17,Odisha,Odisha_District_5,592083,2945,657,711,1378,707,149
2023-01-17,Assam,Assam_District_1,791860,2399,550,514,1009,496,380
2023-01-18,Maharashtra,Maharashtra_District_4,509768,10840,2511,3237,4741,2333,529
2023-01-18,Uttar Pradesh,Uttar_District_2,353618,16034,4333,4768,7014,3998,254
2023-01-18,Karnataka,Karnataka_District_4,948693,8104,1652,1908,3902,1829,465
2023-01-18,Tamil Nadu,Tamil_District_3,440006,8615,1077,2413,4068,1761,373
2023-01-18,Delhi,Delhi_District_4,589707,5163,1014,1156,2505,1063,439
2023-01-18,West Bengal,West_District_6,629986,6487,1157,1916,3157,1564,-150
2023-01-18,Rajasthan,Rajasthan_District_1,824757,5554,1364,1450,2597,1295,212
2023-01-18,Gujarat,Gujarat_District_3,619726,6092,1577,1433,2497,1361,801
2023-01-18,Madhya Pradesh,Madhya_District_2,610072,4799,951,1034,2214,1134,417
2023-01-18,Bihar,Bihar_District_1,973502,4383,770,891,1866,1080,546
2023-01-18,Andhra Pradesh,Andhra_District_2,359724,5229,1184,1046,2305,1228,650
2023-01-18,Telangana,Telangana_District_4,552512,4888,1439,1271,2110,1113,394
2023-01-18,Kerala,Kerala_District_6,415615,3884,867,1034,1623,875,352
2023-01-18,Odisha,Odisha_District_2,997936,2980,393,687,1436,741,116
2023-01-18,Assam,Assam_District_5,648017,2320,626,495,1099,464,262
2023-01-19,Maharashtra,Maharashtra_District_7,705978,10516,1740,2667,4811,2379,659
2023-01-19,Uttar Pradesh,Uttar_District_7,697936,15422,3595,3652,6625,3844,1301
2023-01-19,Karnataka,Karnataka_District_4,736605,7926,1899,1608,3863,1809,646
2023-01-19,Tamil Nadu,Tamil_District_3,359151,9543,2130,2101,4367,2140,935
2023-01-19,Delhi,Delhi_District_2,860092,5577,1451,1327,2640,1158,452
2023-01-19,West Bengal,West_District_2,344390,6938,1266,1607,2792,1423,1116
2023-01-19,Rajasthan,Rajasthan_District_6,549292,5828,1464,1721,2552,1224,331
2023-01-19,Gujarat,Gujarat_District_4,532108,6863,1709,1785,3297,1501,280
2023-01-19,Madhya Pradesh,Madhya_District_1,964750,5351,1418,1266,2282,1281,522
2023-01-19,Bihar,Bihar_District_3,756570,4046,946,987,1648,829,582
2023-01-19,Andhra Pradesh,Andhra_District_6,204722,5636,962,1679,2616,1191,150
2023-01-19,Telangana,Telangana_District_3,205895,4909,848,1466,2420,1099,-76
2023-01-19,Kerala,Kerala_District_1,818147,3949,1122,804,1928,834,383
2023-01-19,Odisha,Odisha_District_6,792434,3372,699,908,1566,729,169
2023-01-19,Assam,Assam_District_7,904475,2495,570,567,1243,623,62
2023-01-20,Maharashtra,Maharashtra_District_7,995718,10759,1761,2760,5052,2429,518
2023-01-20,Uttar Pradesh,Uttar_District_2,694690,16021,4282,3506,7542,3568,1405
2023-01-20,Karnataka,Karnataka_District_7,193677,7461,1711,2073,3549,1663,176
2023-01-20,Tamil Nadu,Tamil_District_5,201903,8617,1045,1877,4244,1784,712
2023-01-20,Delhi,Delhi_District_5,764180,5095,1189,1252,2235,1070,538
2023-01-20,West Bengal,West_District_7,144299,6092,691,1420,2513,1391,768
2023-01-20,Rajasthan,Rajasthan_District_3,735300,5810,932,1502,2820,1238,250
2023-01-20,Gujarat,Gujarat_District_3,865296,6260,1244,1687,2713,1340,520
2023-01-20,Madhya Pradesh,Madhya_District_4,634442,4836,978,1130,2002,1161,543
2023-01-20,Bihar,Bihar_District_3,600170,4209,1057,844,1799,1008,558
2023-01-20,Andhra Pradesh,Andhra_District_5,983018,5350,1182,1074,2635,1159,482
2023-01-20,Telangana,Telangana_District_3,908101,4298,1227,989,1829,950,530
2023-01-20,Kerala,Kerala_District_1,607952,4107,433,1034,1648,1018,407
2023-01-20,Odisha,Odisha_District_4,117684,3252,854,949,1353,683,267
2023-01-20,Assam,Assam_District_3,491232,2571,728,628,1074,543,326
2023-01-21,Maharashtra,Maharashtra_District_5,216468,6317,1622,1564,2633,1469,651
2023-01-21,Uttar Pradesh,Uttar_District_7,160704,9058,1068,1887,3806,1927,1438
2023-01-21,Karnataka,Karnataka_District_7,729340,4856,852,974,1951,1055,876
2023-01-21,Tamil Nadu,Tamil_District_4,884227,5819,1742,1717,2540,1238,324
2023-01-21,Delhi,Delhi_District_2,101976,3466,631,821,1591,776,278
2023-01-21,West Bengal,West_District_7,324657,3671,380,1088,1471,879,233
2023-01-21,Rajasthan,Rajasthan_District_7,774628,3999,699,908,1669,819,603
2023-01-21,Gujarat,Gujarat_District_1,458385,4286,1258,1134,1785,913,454
2023-01-21,Madhya Pradesh,Madhya_District_2,844864,3535,978,994,1655,864,22
2023-01-21,Bihar,Bihar_District_7,944140,2784,290,606,1284,620,274
2023-01-21,Andhra Pradesh,Andhra_District_2,432818,2825,409,775,1318,626,106
2023-01-21,Telangana,Telangana_District_7,725371,2264,579,462,951,481,370
2023-01-21,Kerala,Kerala_District_6,121613,2752,321,748,1229,686,89
2023-01-21,Odisha,Odisha_District_6,758519,1648,263,451,785,367,45
2023-01-21,Assam,Assam_District_5,197291,1734,518,396,856,391,91
2023-01-22,Maharashtra,Maharashtra_District_4,475973,6231,1200,1302,2661,1442,826
2023-01-22,Uttar Pradesh,Uttar_District_2,814722,9852,1391,1993,4168,2009,1682
2023-01-22,Karnataka,Karnataka_District_2,397036,4496,562,1198,2032,1036,230
2023-01-22,Tamil Nadu,Tamil_District_2,250022,5557,1232,1508,2322,1376,351
2023-01-22,Delhi,Delhi_District_4,108597,3498,438,796,1424,815,463
2023-01-22,West Bengal,West_District_5,302328,4328,622,1184,1940,873,331
2023-01-22,Rajasthan,Rajasthan_District_7,343802,3059,504,652,1516,736,155
2023-01-22,Gujarat,Gujarat_District_7,247562,4073,1058,908,1986,861,318
2023-01-22,Madhya Pradesh,Madhya_District_5,182339,3497,703,980,1639,720,158
2023-01-22,Bihar,Bihar_District_1,963083,1859,367,391,843,435,190
2023-01-22,Andhra Pradesh,Andhra_District_4,751036,3174,941,941,1276,744,213
2023-01-22,Telangana,Telangana_District_6,632242,3159,804,853,1500,655,151
2023-01-22,Kerala,Kerala_District_5,995525,2434,424,581,1025,541,287
2023-01-22,Odisha,Odisha_District_3,712626,1693,219,475,808,393,17
2023-01-22,Assam,Assam_District_2,649310,1474,289,440,675,297,62
2023-01-23,Maharashtra,Maharashtra_District_1,799902,10096,1818,2679,4664,2106,647
2023-01-23,Uttar Pradesh,Uttar_District_7,111410,15669,1695,3360,6829,3808,1672
2023-01-23,Karnataka,Karnataka_District_4,963163,8249,1776,2291,3939,1731,288
2023-01-23,Tamil Nadu,Tamil_District_3,542156,9598,1672,2466,4137,2123,872
2023-01-23,Delhi,Delhi_District_5,311601,5198,923,1060,2588,1265,285
2023-01-23,West Bengal,West_District_5,727008,6165,743,1565,2550,1488,562
2023-01-23,Rajasthan,Rajasthan_District_7,972114,5792,1121,1543,2876,1281,92
2023-01-23,Gujarat,Gujarat_District_7,669985,6952,1814,1747,2973,1680,552
2023-01-23,Madhya Pradesh,Madhya_District_5,950282,5675,1122,1660,2755,1232,28
2023-01-23,Bihar,Bihar_District_6,449634,3496,610,882,1417,719,478
2023-01-23,Andhra Pradesh,Andhra_District_3,223118,4853,568,1057,2144,1205,447
2023-01-23,Telangana,Telangana_District_5,942500,5046,1124,1349,2428,1049,220
2023-01-23,Kerala,Kerala_District_2,687317,3427,615,685,1680,705,357
2023-01-23,Odisha,Odisha_District_3,656779,3270,872,654,1400,683,533
2023-01-23,Assam,Assam_District_6,157061,2648,542,689,1138,652,169
2023-01-24,Maharashtra,Maharashtra_District_6,947690,10733,1588,3179,5233,2600,-279
2023-01-24,Uttar Pradesh,Uttar_District_1,129961,16001,2790,3202,6985,3793,2021
2023-01-24,Karnataka,Karnataka_District_7,522304,7915,1241,2351,3846,1622,96
2023-01-24,Tamil Nadu,Tamil_District_1,625565,8817,1462,2166,3619,2109,923
2023-01-24,Delhi,Delhi_District_7,572960,5048,584,1380,2328,1200,140
2023-01-24,West Bengal,West_District_7,976096,6230,1369,1764,2755,1459,252
2023-01-24,Rajasthan,Rajasthan_District_2,943592,5405,973,1145,2460,1223,577
2023-01-24,Gujarat,Gujarat_District_3,775353,6731,1439,1705,2873,1588,565
2023-01-24,Madhya Pradesh,Madhya_District_3,297193,4709,1395,1276,2247,1068,118
2023-01-24,Bihar,Bihar_District_5,914813,3937,1040,1068,1586,953,330
2023-01-24,Andhra Pradesh,Andhra_District_2,642534,5325,1121,1594,2257,1304,170
2023-01-24,Telangana,Telangana_District_3,507821,4447,1001,1290,2205,979,-27
2023-01-24,Kerala,Kerala_District_5,713689,4140,647,1183,1785,912,260
2023-01-24,Odisha,Odisha_District_5,125265,3652,626,1081,1637,896,38
2023-01-24,Assam,Assam_District_3,573758,2325,505,489,1026,517,293
2023-01-25,Maharashtra,Maharashtra_District_7,910386,10007,1027,2914,4053,2416,624
2023-01-25,Uttar Pradesh,Uttar_District_3,991198,15200,3067,3654,6949,3566,1031
2023-01-25,Karnataka,Karnataka_District_5,596392,8185,1400,2407,3724,1882,172
2023-01-25,Tamil Nadu,Tamil_District_7,861039,9407,1347,2041,4532,2283,551
2023-01-25,Delhi,Delhi_District_5,217368,5320,1594,1222,2468,1113,517
2023-01-25,West Bengal,West_District_7,135911,6497,1086,1835,2743,1490,429
2023-01-25,Rajasthan,Rajasthan_District_2,405707,5355,1379,1346,2184,1323,502
2023-01-25,Gujarat,Gujarat_District_1,681323,6560,1185,1840,2848,1312,560
2023-01-25,Madhya Pradesh,Madhya_District_4,531306,5184,1414,1053,2439,1060,632
2023-01-25,Bihar,Bihar_District_4,247570,3501,493,918,1718,844,21
2023-01-25,Andhra Pradesh,Andhra_District_5,906484,5171,777,1089,2266,1257,559
2023-01-25,Telangana,Telangana_District_6,837033,4955,870,1277,2140,1143,395
2023-01-25,Kerala,Kerala_District_4,942671,3968,781,1049,1962,935,22
2023-01-25,Odisha,Odisha_District_2,741976,3480,870,861,1477,788,354
2023-01-25,Assam,Assam_District_7,604968,2176,254,543,897,529,207
2023-01-26,Maharashtra,Maharashtra_District_3,483203,10217,2851,2302,4625,2513,777
2023-01-26,Uttar Pradesh,Uttar_District_1,127922,15304,1744,4114,6305,3241,1644
2023-01-26,Karnataka,Karnataka_District_7,823685,8228,2025,2441,3309,1831,647
2023-01-26,Tamil Nadu,Tamil_District_3,422707,9470,2613,1927,4626,2362,555
2023-01-26,Delhi,Delhi_District_1,936157,5446,701,1612,2333,1248,253
2023-01-26,West Bengal,West_District_6,825231,6400,1027,1418,3120,1359,503
2023-01-26,Rajasthan,Rajasthan_District_4,223627,6056,634,1457,2753,1256,590
2023-01-26,Gujarat,Gujarat_District_5,468399,6803,1034,1562,2766,1455,1020
2023-01-26,Madhya Pradesh,Madhya_District_3,890418,5204,1555,1392,2545,1052,215
2023-01-26,Bihar,Bihar_District_2,118383,4032,718,1158,1841,861,172
2023-01-26,Andhra Pradesh,Andhra_District_1,502756,5474,1391,1210,2470,1287,507
2023-01-26,Telangana,Telangana_District_7,894492,4415,827,889,1837,1082,607
2023-01-26,Kerala,Kerala_District_1,783114,3442,938,964,1470,820,188
2023-01-26,Odisha,Odisha_District_3,314879,3292,763,944,1356,711,281
2023-01-26,Assam,Assam_District_5,964120,2342,687,613,1038,537,154
2023-01-27,Maharashtra,Maharashtra_District_4,410384,10363,1213,2241,5157,2534,431
2023-01-27,Uttar Pradesh,Uttar_District_3,300605,15644,4000,4160,7043,3168,1273
2023-01-27,Karnataka,Karnataka_District_1,421926,8075,2363,1674,3281,1846,1274
2023-01-27,Tamil Nadu,Tamil_District_7,474765,8769,910,2343,4375,2009,42
2023-01-27,Delhi,Delhi_District_4,273136,5591,778,1542,2499,1301,249
2023-01-27,West Bengal,West_District_2,625607,6761,1090,1478,2787,1658,838
2023-01-27,Rajasthan,Rajasthan_District_3,661185,6172,690,1713,3056,1487,-84
2023-01-27,Gujarat,Gujarat_District_7,563666,6033,1527,1253,2813,1316,651
2023-01-27,Madhya Pradesh,Madhya_District_3,885464,5133,794,1367,2514,1235,17
2023-01-27,Bihar,Bihar_District_3,935610,3682,619,1082,1597,890,113
2023-01-27,Andhra Pradesh,Andhra_District_2,894282,4788,1013,1045,1918,1152,673
2023-01-27,Telangana,Telangana_District_2,833472,4155,1020,1229,1696,846,384
2023-01-27,Kerala,Kerala_District_4,277113,3566,473,842,1640,843,241
2023-01-27,Odisha,Odisha_District_3,358541,2871,449,786,1276,714,95
2023-01-27,Assam,Assam_District_3,820408,2379,626,628,1181,477,93
2023-01-28,Maharashtra,Maharashtra_District_1,411427,6689,1837,1390,2991,1493,815
2023-01-28,Uttar Pradesh,Uttar_District_2,494691,8937,2055,1790,4258,1935,954
2023-01-28,Karnataka,Karnataka_District_7,913678,5073,1272,1217,2099,1267,490
2023-01-28,Tamil Nadu,Tamil_District_2,743355,5582,878,1443,2553,1252,334
2023-01-28,Delhi,Delhi_District_1,826043,3151,755,630,1441,730,350
2023-01-28,West Bengal,West_District_3,746344,3482,406,715,1503,766,498
2023-01-28,Rajasthan,Rajasthan_District_3,267521,3670,705,879,1612,809,370
2023-01-28,Gujarat,Gujarat_District_6,991528,3625,647,753,1782,734,356
2023-01-28,Madhya Pradesh,Madhya_District_2,278078,3619,713,801,1582,840,396
2023-01-28,Bihar,Bihar_District_2,298596,1973,354,524,953,413,83
2023-01-28,Andhra Pradesh,Andhra_District_6,624073,3593,880,729,1594,776,494
2023-01-28,Telangana,Telangana_District_1,793598,2332,586,674,977,493,188
2023-01-28,Kerala,Kerala_District_7,564699,2023,222,493,874,473,183
2023-01-28,Odisha,Odisha_District_5,300115,1476,364,338,732,312,94
2023-01-28,Assam,Assam_District_7,112038,1366,187,340,558,323,145
2023-01-29,Maharashtra,Maharashtra_District_7,829120,6132,864,1655,2514,1231,732
2023-01-29,Uttar Pradesh,Uttar_District_4,181330,9682,2522,2686,4128,2374,494
2023-01-29,Karnataka,Karnataka_District_6,307062,4960,724,1402,2101,1088,369
2023-01-29,Tamil Nadu,Tamil_District_2,903935,5201,1460,1546,2251,1288,116
2023-01-29,Delhi,Delhi_District_6,496303,2940,686,625,1274,591,450
2023-01-29,West Bengal,West_District_2,971250,4139,1234,1112,1750,829,448
2023-01-29,Rajasthan,Rajasthan_District_3,243257,3621,1042,978,1714,861,68
2023-01-29,Gujarat,Gujarat_District_6,910303,3845,876,829,1830,787,399
2023-01-29,Madhya Pradesh,Madhya_District_1,101089,3587,894,905,1439,789,454
2023-01-29,Bihar,Bihar_District_6,685224,1947,390,462,932,426,127
2023-01-29,Andhra Pradesh,Andhra_District_5,416656,3027,714,624,1363,621,419
2023-01-29,Telangana,Telangana_District_7,864823,2474,370,666,1151,595,62
2023-01-29,Kerala,Kerala_District_4,291637,2815,318,581,1253,619,362
2023-01-29,Odisha,Odisha_District_1,972997,2399,458,715,989,502,193
2023-01-29,Assam,Assam_District_6,257475,1442,388,364,626,354,98
2023-01-30,Maharashtra,Maharashtra_District_3,168434,10616,2995,3076,5110,2537,-107
2023-01-30,Uttar Pradesh,Uttar_District_4,768497,15860,2812,3449,7365,3644,1402
2023-01-30,Karnataka,Karnataka_District_3,194500,8225,1759,2314,3568,1815,528
2023-01-30,Tamil Nadu,Tamil_District_1,649208,9090,1898,1985,3791,2005,1309
2023-01-30,Delhi,Delhi_District_1,118881,4973,650,1153,2447,1029,344
2023-01-30,West Bengal,West_District_7,337081,6415,665,1743,2966,1505,201
2023-01-30,Rajasthan,Rajasthan_District_7,857456,5652,1195,1224,2736,1166,526
2023-01-30,Gujarat,Gujarat_District_1,644096,6663,948,1669,3070,1354,570
2023-01-30,Madhya Pradesh,Madhya_District_2,574601,5088,1004,1021,2513,1032,522
2023-01-30,Bihar,Bihar_District_1,916594,4036,713,896,1852,995,293
2023-01-30,Andhra Pradesh,Andhra_District_5,256076,4829,1350,1440,2130,1044,215
2023-01-30,Telangana,Telangana_District_6,284752,4106,976,1108,1801,861,336
2023-01-30,Kerala,Kerala_District_3,145163,3428,858,819,1695,807,107
2023-01-30,Odisha,Odisha_District_4,191867,3432,361,727,1690,765,250
2023-01-30,Assam,Assam_District_1,990191,2128,224,556,976,434,162
2023-01-31,Maharashtra,Maharashtra_District_2,634229,10422,2168,2434,4365,2111,1512
2023-01-31,Uttar Pradesh,Uttar_District_1,738446,15427,1884,3220,7541,3772,894
2023-01-31,Karnataka,Karnataka_District_4,902428,7507,1548,1922,3190,1783,612
2023-01-31,Tamil Nadu,Tamil_District_7,622609,9399,1500,2130,4068,2015,1186
2023-01-31,Delhi,Delhi_District_7,179113,4706,1251,1139,2311,1134,122
2023-01-31,West Bengal,West_District_1,139040,6161,1045,1798,2825,1293,245
2023-01-31,Rajasthan,Rajasthan_District_2,312960,6152,723,1817,2817,1322,196
2023-01-31,Gujarat,Gujarat_District_5,595343,6038,662,1541,2760,1260,477
2023-01-31,Madhya Pradesh,Madhya_District_6,438769,4723,904,1272,2065,1134,252
2023-01-31,Bihar,Bihar_District_4,619328,4257,914,971,1837,919,530
2023-01-31,Andhra Pradesh,Andhra_District_6,913556,4913,1012,1430,2287,1049,147
2023-01-31,Telangana,Telangana_District_3,507651,4407,920,933,2190,982,302
2023-01-31,Kerala,Kerala_District_7,998923,4270,690,1031,1972,1015,252
2023-01-31,Odisha,Odisha_District_6,904410,3587,904,839,1525,799,424
2023-01-31,Assam,Assam_District_1,466339,2359,576,572,980,523,284
2023-02-01,Maharashtra,Maharashtra_District_1,728646,7509,1304,2037,3711,1726,35
2023-02-01,Uttar Pradesh,Uttar_District_4,898310,11515,2235,2620,4733,2561,1601
2023-02-01,Karnataka,Karnataka_District_3,392078,5910,826,1565,2731,1449,165
2023-02-01,Tamil Nadu,Tamil_District_1,471269,7410,1140,1831,3132,1605,842
2023-02-01,Delhi,Delhi_District_1,972227,4171,788,1205,1819,858,289
2023-02-01,West Bengal,West_District_4,318738,5239,1368,1222,2180,1260,577
2023-02-01,Rajasthan,Rajasthan_District_5,490875,4803,1116,1288,2055,1137,323
2023-02-01,Gujarat,Gujarat_District_4,277148,4515,1236,1034,2219,906,356
2023-02-01,Madhya Pradesh,Madhya_District_6,594982,4452,525,993,2072,965,422
2023-02-01,Bihar,Bihar_District_5,989309,3472,520,838,1606,788,240
2023-02-01,Andhra Pradesh,Andhra_District_1,770487,4426,1295,1205,2124,923,174
2023-02-01,Telangana,Telangana_District_7,367598,3495,419,748,1642,760,345
2023-02-01,Kerala,Kerala_District_7,428723,2934,693,779,1221,672,262
2023-02-01,Odisha,Odisha_District_1,430761,2305,584,662,1113,568,-38
2023-02-01,Assam,Assam_District_2,695815,1580,409,428,639,361,152
2023-02-02,Maharashtra,Maharashtra_District_6,794889,7866,2132,2244,3880,1821,-79
2023-02-02,Uttar Pradesh,Uttar_District_5,388796,11675,1468,2798,4855,2599,1423
2023-02-02,Karnataka,Karnataka_District_4,692326,6063,1578,1427,2777,1376,483
2023-02-02,Tamil Nadu,Tamil_District_2,753810,7485,1932,1964,3305,1786,430
2023-02-02,Delhi,Delhi_District_3,843600,4195,975,1186,1692,973,344
2023-02-02,West Bengal,West_District_1,411504,4857,885,1067,2338,989,463
2023-02-02,Rajasthan,Rajasthan_District_4,991668,4719,1239,1395,2306,1050,-32
2023-02-02,Gujarat,Gujarat_District_2,967612,5496,1002,1609,2558,1279,50
2023-02-02,Madhya Pradesh,Madhya_District_5,928441,4363,501,1167,1840,1029,327
2023-02-02,Bihar,Bihar_District_3,280767,2517,741,692,1178,607,40
2023-02-02,Andhra Pradesh,Andhra_District_4,183223,3557,382,929,1476,769,383
2023-02-02,Telangana,Telangana_District_6,263619,3418,912,994,1558,718,148
2023-02-02,Kerala,Kerala_District_7,475526,2519,652,600,1163,589,167
2023-02-02,Odisha,Odisha_District_5,896364,2078,617,591,923,484,80
2023-02-02,Assam,Assam_District_4,757166,1671,337,473,804,373,21
2023-02-03,Maharashtra,Maharashtra_District_6,155181,7632,1488,1860,3304,1770,698
2023-02-03,Uttar Pradesh,Uttar_District_1,966344,12389,3206,2892,5809,2938,750
2023-02-03,Karnataka,Karnataka_District_4,383863,6065,617,1604,2486,1216,759
2023-02-03,Tamil Nadu,Tamil_District_3,949248,7473,1690,1671,3700,1643,459
2023-02-03,Delhi,Delhi_District_6,810018,3959,855,914,1631,808,606
2023-02-03,West Bengal,West_District_7,715451,5384,1019,1399,2619,1171,195
2023-02-03,Rajasthan,Rajasthan_District_4,493124,4618,1374,939,2097,964,618
2023-02-03,Gujarat,Gujarat_District_5,782829,5116,1337,1116,2061,1216,723
2023-02-03,Madhya Pradesh,Madhya_District_1,637147,4195,939,927,1869,887,512
2023-02-03,Bihar,Bihar_District_2,293011,3037,589,674,1427,682,254
2023-02-03,Andhra Pradesh,Andhra_District_7,254092,4191,610,1016,1949,873,353
2023-02-03,Telangana,Telangana_District_5,688330,3018,618,899,1238,736,145
2023-02-03,Kerala,Kerala_District_3,108220,3283,396,890,1392,719,282
2023-02-03,Odisha,Odisha_District_1,807532,2897,581,778,1408,604,107
2023-02-03,Assam,Assam_District_3,133131,2140,261,486,908,433,313
2023-02-04,Maharashtra,Maharashtra_District_7,259618,4978,888,1458,2001,1108,411
2023-02-04,Uttar Pradesh,Uttar_District_7,366026,7425,914,1843,3360,1488,734
2023-02-04,Karnataka,Karnataka_District_1,612693,3917,847,907,1891,873,246
2023-02-04,Tamil Nadu,Tamil_District_3,569422,4517,1244,1054,2056,928,479
2023-02-04,Delhi,Delhi_District_6,395208,2062,372,481,956,427,198
2023-02-04,West Bengal,West_District_7,271012,3388,540,897,1438,813,240
2023-02-04,Rajasthan,Rajasthan_District_6,169397,2642,617,723,1152,608,159
2023-02-04,Gujarat,Gujarat_District_7,155105,2853,291,624,1245,662,322
2023-02-04,Madhya Pradesh,Madhya_District_5,984606,2187,230,498,1087,495,107
2023-02-04,Bihar,Bihar_District_6,655350,2100,321,480,914,455,251
2023-02-04,Andhra Pradesh,Andhra_District_2,273370,2626,611,599,1070,642,315
2023-02-04,Telangana,Telangana_District_4,393924,1948,509,577,821,419,131
2023-02-04,Kerala,Kerala_District_1,776658,2055,472,538,837,448,232
2023-02-04,Odisha,Odisha_District_7,415555,1899,458,421,815,459,204
2023-02-04,Assam,Assam_District_6,158307,1343,184,293,613,292,145
2023-02-05,Maharashtra,Maharashtra_District_5,845834,4815,852,1041,2055,1151,568
2023-02-05,Uttar Pradesh,Uttar_District_7,992793,7063,1053,1716,3329,1719,299
2023-02-05,Karnataka,Karnataka_District_2,342467,4028,665,961,1671,966,430
2023-02-05,Tamil Nadu,Tamil_District_7,177288,4300,865,893,1741,910,756
2023-02-05,Delhi,Delhi_District_5,989987,2492,565,504,1199,537,252
2023-02-05,West Bengal,West_District_1,815566,2701,380,780,1113,667,141
2023-02-05,Rajasthan,Rajasthan_District_1,582123,3060,575,840,1521,614,85
2023-02-05,Gujarat,Gujarat_District_3,564022,2786,375,744,1302,689,51
2023-02-05,Madhya Pradesh,Madhya_District_7,262436,1998,376,434,882,485,197
2023-02-05,Bihar,Bihar_District_6,540145,2098,265,521,1040,451,86
2023-02-05,Andhra Pradesh,Andhra_District_1,483907,2205,448,569,992,456,188
2023-02-05,Telangana,Telangana_District_2,825992,2100,579,609,981,489,21
2023-02-05,Kerala,Kerala_District_5,379799,1680,179,489,748,365,78
2023-02-05,Odisha,Odisha_District_6,107854,1653,187,447,716,335,155
2023-02-05,Assam,Assam_District_4,828404,1283,217,364,625,281,13
2023-02-06,Maharashtra,Maharashtra_District_2,678098,8137,1902,1867,3786,1968,516
2023-02-06,Uttar Pradesh,Uttar_District_3,319157,12355,1879,3305,5338,2581,1131
2023-02-06,Karnataka,Karnataka_District_3,699921,5639,1612,1414,2425,1337,463
2023-02-06,Tamil Nadu,Tamil_District_7,613976,6941,1596,2002,3122,1525,292
2023-02-06,Delhi,Delhi_District_2,527155,3544,537,867,1578,775,324
2023-02-06,West Bengal,West_District_3,288439,4514,563,1319,1942,1027,226
2023-02-06,Rajasthan,Rajasthan_District_1,503198,4206,695,1173,2039,1005,-11
2023-02-06,Gujarat,Gujarat_District_2,350842,4930,700,1380,2172,1199,179
2023-02-06,Madhya Pradesh,Madhya_District_5,284458,3679,820,1057,1717,739,166
2023-02-06,Bihar,Bihar_District_1,365623,3353,704,978,1605,830,-60
2023-02-06,Andhra Pradesh,Andhra_District_6,654361,3542,969,815,1657,873,197
2023-02-06,Telangana,Telangana_District_6,481177,3098,833,837,1343,731,187
2023-02-06,Kerala,Kerala_District_5,467936,2562,551,715,1158,620,69
2023-02-06,Odisha,Odisha_District_7,275379,2004,253,542,969,432,61
2023-02-06,Assam,Assam_District_2,811759,1898,464,438,933,385,142
2023-02-07,Maharashtra,Maharashtra_District_5,228585,8099,2125,2427,3794,1983,-105
2023-02-07,Uttar Pradesh,Uttar_District_1,930267,12402,3608,3185,5534,2828,855
2023-02-07,Karnataka,Karnataka_District_1,588333,5549,1186,1387,2406,1364,392
2023-02-07,Tamil Nadu,Tamil_District_5,451150,6649,1659,1530,3197,1661,261
2023-02-07,Delhi,Delhi_District_5,767883,4060,701,1060,2008,899,93
2023-02-07,West Bengal,West_District_5,804100,5096,730,1429,2093,1107,467
2023-02-07,Rajasthan,Rajasthan_District_3,495044,4601,1298,1263,2162,964,212
2023-02-07,Gujarat,Gujarat_District_5,166435,4917,773,1005,2395,1028,489
2023-02-07,Madhya Pradesh,Madhya_District_3,820471,3522,386,878,1568,775,301
2023-02-07,Bihar,Bihar_District_6,723707,2763,483,817,1234,636,76
2023-02-07,Andhra Pradesh,Andhra_District_5,412257,3844,544,1091,1723,802,228
2023-02-07,Telangana,Telangana_District_7,785826,3473,1030,776,1423,712,562
2023-02-07,Kerala,Kerala_District_5,288548,2833,385,632,1287,661,253
2023-02-07,Odisha,Odisha_District_5,748685,2308,442,666,956,477,209
2023-02-07,Assam,Assam_District_2,567733,1882,302,432,867,393,190
2023-02-08,Maharashtra,Maharashtra_District_6,341242,7637,1090,1558,3068,1625,1386
2023-02-08,Uttar Pradesh,Uttar_District_1,337907,11957,2470,2966,4788,2525,1678
2023-02-08,Karnataka,Karnataka_District_6,713231,6060,1342,1803,2867,1228,162
2023-02-08,Tamil Nadu,Tamil_District_5,260486,7314,1513,1990,3049,1766,509
2023-02-08,Delhi,Delhi_District_2,450758,4411,584,1315,2151,1085,-140
2023-02-08,West Bengal,West_District_6,593234,4982,1355,1220,2159,1161,442
2023-02-08,Rajasthan,Rajasthan_District_7,898125,4443,1169,914,1907,965,657
2023-02-08,Gujarat,Gujarat_District_4,624653,4714,1009,1336,2043,1118,217
2023-02-08,Madhya Pradesh,Madhya_District_6,151475,3721,415,849,1602,822,448
2023-02-08,Bihar,Bihar_District_4,350539,2701,792,603,1129,551,418
2023-02-08,Andhra Pradesh,Andhra_District_3,143830,3588,751,848,1476,823,441
2023-02-08,Telangana,Telangana_District_6,400304,3782,439,1023,1846,885,28
2023-02-08,Kerala,Kerala_District_7,984535,3087,467,836,1416,694,141
2023-02-08,Odisha,Odisha_District_3,213052,2837,301,769,1341,652,75
2023-02-08,Assam,Assam_District_2,678017,2081,507,561,924,451,145
2023-02-09,Maharashtra,Maharashtra_District_7,121873,8282,1244,1832,4019,1979,452
2023-02-09,Uttar Pradesh,Uttar_District_4,717338,11513,2386,3375,5115,2526,497
2023-02-09,Karnataka,Karnataka_District_4,181433,6193,741,1353,2613,1350,877
2023-02-09,Tamil Nadu,Tamil_District_7,731399,7086,1408,2017,2889,1599,581
2023-02-09,Delhi,Delhi_District_7,567143,4458,970,1161,1897,1091,309
2023-02-09,West Bengal,West_District_2,286507,5371,581,1563,2286,1080,442
2023-02-09,Rajasthan,Rajasthan_District_1,435844,4924,1274,1449,2255,1069,151
2023-02-09,Gujarat,Gujarat_District_4,367227,4527,1266,1047,2159,978,343
2023-02-09,Madhya Pradesh,Madhya_District_3,429235,4175,1198,1064,1811,887,413
2023-02-09,Bihar,Bihar_District_4,248614,2640,332,584,1289,635,132
2023-02-09,Andhra Pradesh,Andhra_District_1,130343,3932,768,892,1708,908,424
2023-02-09,Telangana,Telangana_District_1,725838,3385,640,679,1437,720,549
2023-02-09,Kerala,Kerala_District_6,665141,2973,542,707,1434,727,105
2023-02-09,Odisha,Odisha_District_5,742182,2664,321,663,1111,631,259
2023-02-09,Assam,Assam_District_4,867143,2401,466,614,1167,555,65
2023-02-10,Maharashtra,Maharashtra_District_1,186302,8222,911,1908,3843,1817,654
2023-02-10,Uttar Pradesh,Uttar_District_6,811776,11689,1602,2506,4752,2886,1545
2023-02-10,Karnataka,Karnataka_District_6,166041,6035,747,1773,2836,1398,28
2023-02-10,Tamil Nadu,Tamil_District_1,379297,6555,1637,1442,3269,1332,512
2023-02-10,Delhi,Delhi_District_5,471537,3805,1002,1087,1707,868,143
2023-02-10,West Bengal,West_District_7,502380,5110,1384,1470,2273,1181,186
2023-02-10,Rajasthan,Rajasthan_District_1,259639,4026,653,1189,1731,865,241
2023-02-10,Gujarat,Gujarat_District_3,526949,5161,739,1234,2450,1067,410
2023-02-10,Madhya Pradesh,Madhya_District_2,279283,3779,819,1006,1544,800,429
2023-02-10,Bihar,Bihar_District_1,301624,2513,492,644,1171,570,128
2023-02-10,Andhra Pradesh,Andhra_District_6,143919,3644,574,1050,1697,861,36
2023-02-10,Telangana,Telangana_District_2,364312,3862,500,780,1701,867,514
2023-02-10,Kerala,Kerala_District_4,670197,3125,582,892,1444,709,80
2023-02-10,Odisha,Odisha_District_2,319559,2113,279,608,1021,495,-11
2023-02-10,Assam,Assam_District_4,106012,1558,430,316,711,331,200
2023-02-11,Maharashtra,Maharashtra_District_5,239711,4949,1019,1138,2238,1039,534
2023-02-11,Uttar Pradesh,Uttar_District_1,429017,7563,1484,2229,3476,1730,128
2023-02-11,Karnataka,Karnataka_District_7,552373,4073,969,1159,1792,969,153
2023-02-11,Tamil Nadu,Tamil_District_4,151104,3714,662,1035,1631,885,163
2023-02-11,Delhi,Delhi_District_3,177114,2545,376,617,1129,543,256
2023-02-11,West Bengal,West_District_2,243984,2767,564,617,1272,646,232
2023-02-11,Rajasthan,Rajasthan_District_6,249889,2953,736,596,1422,651,284
2023-02-11,Gujarat,Gujarat_District_6,688863,2577,669,646,1197,620,114
2023-02-11,Madhya Pradesh,Madhya_District_1,807979,2708,630,683,1210,566,249
2023-02-11,Bihar,Bihar_District_4,332856,2002,249,592,915,446,49
2023-02-11,Andhra Pradesh,Andhra_District_3,904884,2470,654,710,1165,498,97
2023-02-11,Telangana,Telangana_District_5,178185,1684,255,395,800,367,122
2023-02-11,Kerala,Kerala_District_7,110438,1938,364,564,785,402,187
2023-02-11,Odisha,Odisha_District_7,963170,1963,425,423,969,437,134
2023-02-11,Assam,Assam_District_5,109533,1204,233,322,492,268,122
2023-02-12,Maharashtra,Maharashtra_District_6,287981,4378,739,1187,2042,887,262
2023-02-12,Uttar Pradesh,Uttar_District_1,336104,7176,1954,1459,3067,1679,971
2023-02-12,Karnataka,Karnataka_District_3,251862,3217,334,726,1563,778,150
2023-02-12,Tamil Nadu,Tamil_District_6,634230,4540,811,1313,1850,951,426
2023-02-12,Delhi,Delhi_District_2,945412,2564,542,632,1062,631,239
2023-02-12,West Bengal,West_District_3,707987,2649,365,632,1269,604,144
2023-02-12,Rajasthan,Rajasthan_District_7,287259,2618,279,761,1139,573,145
2023-02-12,Gujarat,Gujarat_District_2,937725,2516,562,566,1241,517,192
2023-02-12,Madhya Pradesh,Madhya_District_7,891261,2453,463,492,1060,532,369
2023-02-12,Bihar,Bihar_District_1,145531,1491,338,389,694,369,39
2023-02-12,Andhra Pradesh,Andhra_District_6,226357,2880,720,791,1189,591,309
2023-02-12,Telangana,Telangana_District_4,403194,2058,416,443,1003,472,140
2023-02-12,Kerala,Kerala_District_3,809662,2066,531,553,939,487,87
2023-02-12,Odisha,Odisha_District_3,711148,1269,140,295,569,280,125
2023-02-12,Assam,Assam_District_3,734491,745,181,197,372,153,23
2023-02-13,Maharashtra,Maharashtra_District_6,720298,8365,2375,1922,3537,1891,1015
2023-02-13,Uttar Pradesh,Uttar_District_3,450058,12479,2372,3074,5701,2785,919
2023-02-13,Karnataka,Karnataka_District_2,999837,5832,694,1527,2602,1374,329
2023-02-13,Tamil Nadu,Tamil_District_7,996302,7194,1272,1881,3198,1737,378
2023-02-13,Delhi,Delhi_District_1,518320,4382,1047,1134,2107,976,165
2023-02-13,West Bengal,West_District_2,242988,5290,1458,1344,2314,1058,574
2023-02-13,Rajasthan,Rajasthan_District_7,847452,4650,1144,1368,2270,944,68
2023-02-13,Gujarat,Gujarat_District_5,550767,4755,873,1108,2159,972,516
2023-02-13,Madhya Pradesh,Madhya_District_2,583752,3552,396,804,1646,728,374
2023-02-13,Bihar,Bihar_District_3,644440,3117,598,862,1460,647,148
2023-02-13,Andhra Pradesh,Andhra_District_5,307698,3607,435,749,1626,748,484
2023-02-13,Telangana,Telangana_District_6,677543,3721,408,924,1490,763,544
2023-02-13,Kerala,Kerala_District_4,483048,2872,498,842,1239,576,215
2023-02-13,Odisha,Odisha_District_6,132447,2493,618,582,1121,598,192
2023-02-13,Assam,Assam_District_1,712539,2038,222,428,971,441,198
2023-02-14,Maharashtra,Maharashtra_District_4,688975,8029,2307,2269,3562,1890,308
2023-02-14,Uttar Pradesh,Uttar_District_2,902486,11569,2752,2423,5007,2545,1594
2023-02-14,Karnataka,Karnataka_District_5,786778,5962,1756,1551,2391,1456,564
2023-02-14,Tamil Nadu,Tamil_District_5,770144,6951,1592,1642,3462,1593,254
2023-02-14,Delhi,Delhi_District_5,447984,3893,755,952,1624,945,372
2023-02-14,West Bengal,West_District_4,700344,5256,1000,1312,2599,1278,67
2023-02-14,Rajasthan,Rajasthan_District_5,154801,4156,1219,1047,1691,877,541
2023-02-14,Gujarat,Gujarat_District_2,305037,4787,901,1175,2046,1026,540
2023-02-14,Madhya Pradesh,Madhya_District_2,652800,3630,740,929,1517,739,445
2023-02-14,Bihar,Bihar_District_1,959178,2969,852,682,1300,640,347
2023-02-14,Andhra Pradesh,Andhra_District_4,231190,3742,562,815,1539,794,594
2023-02-14,Telangana,Telangana_District_1,799901,3338,998,874,1437,717,310
2023-02-14,Kerala,Kerala_District_1,678361,3333,393,731,1536,717,349
2023-02-14,Odisha,Odisha_District_3,882885,2354,328,567,1126,515,146
2023-02-14,Assam,Assam_District_1,204234,1805,356,362,744,432,267
2023-02-15,Maharashtra,Maharashtra_District_1,843230,7583,1877,2220,3641,1692,30
2023-02-15,Uttar Pradesh,Uttar_District_2,478708,11817,1960,2593,5117,2426,1681
2023-02-15,Karnataka,Karnataka_District_7,361836,6424,1404,1586,2576,1392,870
2023-02-15,Tamil Nadu,Tamil_District_4,661485,7237,2065,1666,3339,1461,771
2023-02-15,Delhi,Delhi_District_6,237233,3617,867,910,1755,837,115
2023-02-15,West Bengal,West_District_2,261470,5305,1131,1301,2625,1227,152
2023-02-15,Rajasthan,Rajasthan_District_4,155451,4635,878,1376,2309,943,7
2023-02-15,Gujarat,Gujarat_District_7,126379,5319,1590,1263,2409,1178,469
2023-02-15,Madhya Pradesh,Madhya_District_3,726806,4211,1230,1148,1726,844,493
2023-02-15,Bihar,Bihar_District_1,663247,2921,727,618,1232,665,406
2023-02-15,Andhra Pradesh,Andhra_District_1,221423,4234,672,1246,1990,993,5
2023-02-15,Telangana,Telangana_District_1,345887,3222,686,692,1610,749,171
2023-02-15,Kerala,Kerala_District_7,807096,3235,366,947,1359,712,217
2023-02-15,Odisha,Odisha_District_4,213206,2059,513,428,930,475,226
2023-02-15,Assam,Assam_District_2,364382,2258,298,664,976,497,121
2023-02-16,Maharashtra,Maharashtra_District_1,882745,8269,843,1798,3795,1742,934
2023-02-16,Uttar Pradesh,Uttar_District_2,354524,12217,3253,3238,5597,2823,559
2023-02-16,Karnataka,Karnataka_District_7,623823,6239,799,1612,2510,1483,634
2023-02-16,Tamil Nadu,Tamil_District_4,573079,7020,1451,1440,3133,1582,865
2023-02-16,Delhi,Delhi_District_4,668341,4475,1161,1129,1828,1084,434
2023-02-16,West Bengal,West_District_7,802914,4564,1071,1044,2068,1026,426
2023-02-16,Rajasthan,Rajasthan_District_6,956015,4658,1377,1350,2189,1000,119
2023-02-16,Gujarat,Gujarat_District_3,614710,4653,584,999,2061,1073,520
2023-02-16,Madhya Pradesh,Madhya_District_7,483075,3722,815,982,1668,837,235
2023-02-16,Bihar,Bihar_District_4,911054,3265,895,974,1438,746,107
2023-02-16,Andhra Pradesh,Andhra_District_7,286565,4024,695,848,1777,820,579
2023-02-16,Telangana,Telangana_District_7,630867,3155,540,897,1350,756,152
2023-02-16,Kerala,Kerala_District_1,849487,3391,821,996,1474,747,174
2023-02-16,Odisha,Odisha_District_4,346688,2632,490,634,1261,607,130
2023-02-16,Assam,Assam_District_7,122272,1750,390,518,836,381,15
2023-02-17,Maharashtra,Maharashtra_District_7,734135,8109,1682,2051,3861,1852,345
2023-02-17,Uttar Pradesh,Uttar_District_7,141241,11970,3283,3565,5945,2425,35
2023-02-17,Karnataka,Karnataka_District_4,165034,5527,1372,1490,2386,1201,450
2023-02-17,Tamil Nadu,Tamil_District_5,831512,6547,1604,1737,3142,1581,87
2023-02-17,Delhi,Delhi_District_4,630055,3618,705,908,1744,774,192
2023-02-17,West Bengal,West_District_6,694571,4528,1091,1053,2146,995,334
2023-02-17,Rajasthan,Rajasthan_District_5,742161,4700,920,1358,2240,1030,72
2023-02-17,Gujarat,Gujarat_District_3,755971,4811,905,1266,2305,963,277
2023-02-17,Madhya Pradesh,Madhya_District_1,218463,4377,865,971,1804,937,665
2023-02-17,Bihar,Bihar_District_7,194821,2784,472,770,1197,566,251
2023-02-17,Andhra Pradesh,Andhra_District_3,120115,3833,1063,1134,1747,899,53
2023-02-17,Telangana,Telangana_District_4,953709,3910,1119,1154,1887,952,-83
2023-02-17,Kerala,Kerala_District_6,800964,3133,718,678,1557,722,176
2023-02-17,Odisha,Odisha_District_2,512704,2777,290,798,1164,658,157
2023-02-17,Assam,Assam_District_5,203852,2063,486,554,961,414,134
2023-02-18,Maharashtra,Maharashtra_District_5,837959,5148,1346,1164,2131,1281,572
2023-02-18,Uttar Pradesh,Uttar_District_5,838829,7382,862,1736,3169,1642,835
2023-02-18,Karnataka,Karnataka_District_7,140167,3127,338,804,1496,631,196
2023-02-18,Tamil Nadu,Tamil_District_3,597869,3995,511,992,1631,843,529
2023-02-18,Delhi,Delhi_District_2,625403,2438,457,720,1182,586,-50
2023-02-18,West Bengal,West_District_6,990253,3011,328,884,1484,690,-47
2023-02-18,Rajasthan,Rajasthan_District_7,730391,2725,561,612,1187,565,361
2023-02-18,Gujarat,Gujarat_District_4,348728,2935,304,680,1190,600,465
2023-02-18,Madhya Pradesh,Madhya_District_4,778336,2128,496,432,923,425,348
2023-02-18,Bihar,Bihar_District_7,442339,2056,353,571,889,419,177
2023-02-18,Andhra Pradesh,Andhra_District_1,332441,1971,428,550,950,467,4
2023-02-18,Telangana,Telangana_District_6,163231,2546,538,619,1135,518,274
2023-02-18,Kerala,Kerala_District_4,295661,1658,249,441,694,394,129
2023-02-18,Odisha,Odisha_District_2,230886,1239,294,359,544,280,56
2023-02-18,Assam,Assam_District_1,779484,1549,179,341,739,353,116
2023-02-19,Maharashtra,Maharashtra_District_2,460842,4987,791,1148,2305,1191,343
2023-02-19,Uttar Pradesh,Uttar_District_1,551945,7051,1369,1453,2916,1504,1178
2023-02-19,Karnataka,Karnataka_District_6,358965,3588,554,989,1448,782,369
2023-02-19,Tamil Nadu,Tamil_District_7,599394,3701,886,1062,1482,786,371
2023-02-19,Delhi,Delhi_District_2,754650,1977,399,574,801,468,134
2023-02-19,West Bengal,West_District_3,620401,2662,289,619,1318,536,189
2023-02-19,Rajasthan,Rajasthan_District_7,810477,2583,425,614,1090,583,296
2023-02-19,Gujarat,Gujarat_District_4,805788,3492,467,792,1623,822,255
2023-02-19,Madhya Pradesh,Madhya_District_1,721409,2855,580,693,1427,638,97
2023-02-19,Bihar,Bihar_District_1,350200,1349,238,335,620,298,96
2023-02-19,Andhra Pradesh,Andhra_District_1,179949,2802,304,639,1184,661,318
2023-02-19,Telangana,Telangana_District_5,382707,2354,359,519,976,481,378
2023-02-19,Kerala,Kerala_District_6,373743,2254,548,459,1091,450,254
2023-02-19,Odisha,Odisha_District_4,390456,1589,464,456,762,327,44
2023-02-19,Assam,Assam_District_2,358737,1211,137,357,514,247,93
2023-02-20,Maharashtra,Maharashtra_District_6,519558,7584,902,1804,3601,1775,404
2023-02-20,Uttar Pradesh,Uttar_District_1,765102,12221,2734,2649,5864,2804,904
2023-02-20,Karnataka,Karnataka_District_1,908919,6251,683,1407,2903,1535,406
2023-02-20,Tamil Nadu,Tamil_District_2,596934,6843,1137,1736,3015,1476,616
2023-02-20,Delhi,Delhi_District_7,951496,3660,795,923,1573,734,430
2023-02-20,West Bengal,West_District_4,760514,5338,717,1421,2260,1101,556
2023-02-20,Rajasthan,Rajasthan_District_2,493211,4621,1366,1065,1986,1108,462
2023-02-20,Gujarat,Gujarat_District_7,165138,4926,1179,1116,2046,1096,668
2023-02-20,Madhya Pradesh,Madhya_District_7,805436,4183,532,1176,1987,908,112
2023-02-20,Bihar,Bihar_District_7,751950,2621,538,593,1165,572,291
2023-02-20,Andhra Pradesh,Andhra_District_3,252806,4440,859,1203,1822,939,476
2023-02-20,Telangana,Telangana_District_5,680839,3236,902,878,1615,707,36
2023-02-20,Kerala,Kerala_District_4,107968,2854,802,749,1396,676,33
2023-02-20,Odisha,Odisha_District_3,810745,2117,607,587,1000,445,85
2023-02-20,Assam,Assam_District_5,455394,1604,435,328,748,400,128
2023-02-21,Maharashtra,Maharashtra_District_3,495694,8027,1569,1837,3742,1687,761
2023-02-21,Uttar Pradesh,Uttar_District_3,702084,11729,2752,2835,4922,2832,1140
2023-02-21,Karnataka,Karnataka_District_6,442115,6116,924,1540,2997,1432,147
2023-02-21,Tamil Nadu,Tamil_District_6,760194,7036,1249,2072,3122,1566,276
2023-02-21,Delhi,Delhi_District_7,477936,3914,902,860,1923,827,304
2023-02-21,West Bengal,West_District_6,304931,4768,785,1387,2375,1026,-20
2023-02-21,Rajasthan,Rajasthan_District_5,748832,4966,762,1050,2013,1080,823
2023-02-21,Gujarat,Gujarat_District_3,634400,5120,1252,1500,2512,1188,-80
2023-02-21,Madhya Pradesh,Madhya_District_1,299933,4296,438,1020,1887,1073,316
2023-02-21,Bihar,Bihar_District_7,805785,2868,576,642,1259,660,307
2023-02-21,Andhra Pradesh,Andhra_District_2,845301,4066,931,1158,1832,986,90
2023-02-21,Telangana,Telangana_District_6,270641,3446,789,857,1688,767,134
2023-02-21,Kerala,Kerala_District_4,798692,3018,430,656,1259,639,464
2023-02-21,Odisha,Odisha_District_2,368844,2444,564,689,1206,501,48
2023-02-21,Assam,Assam_District_3,617645,1949,398,579,927,398,45
2023-02-22,Maharashtra,Maharashtra_District_6,615768,7828,1111,2263,3732,1797,36
2023-02-22,Uttar Pradesh,Uttar_District_2,244048,12473,3556,3170,5413,2563,1327
2023-02-22,Karnataka,Karnataka_District_6,576456,5892,688,1355,2395,1199,943
2023-02-22,Tamil Nadu,Tamil_District_6,665392,6868,1603,1564,3389,1592,323
2023-02-22,Delhi,Delhi_District_5,376101,3714,598,757,1574,799,584
2023-02-22,West Bengal,West_District_5,192081,4793,630,977,2292,1162,362
2023-02-22,Rajasthan,Rajasthan_District_1,447529,4775,933,1294,2060,969,452
2023-02-22,Gujarat,Gujarat_District_5,278495,5465,1195,1518,2406,1160,381
2023-02-22,Madhya Pradesh,Madhya_District_3,267642,4018,1155,961,1962,990,105
2023-02-22,Bihar,Bihar_District_3,304048,2662,746,631,1296,661,74
2023-02-22,Andhra Pradesh,Andhra_District_7,175945,3856,594,914,1889,873,180
2023-02-22,Telangana,Telangana_District_7,749372,3126,570,887,1407,632,200
2023-02-22,Kerala,Kerala_District_6,164086,3460,424,1005,1674,700,81
2023-02-22,Odisha,Odisha_District_5,513966,2950,840,643,1282,696,329
2023-02-22,Assam,Assam_District_2,598734,2496,560,728,1241,606,-79
2023-02-23,Maharashtra,Maharashtra_District_7,937831,8437,869,2317,3922,1707,491
2023-02-23,Uttar Pradesh,Uttar_District_6,939744,12072,3252,3088,5950,2435,599
2023-02-23,Karnataka,Karnataka_District_6,239477,5550,1328,1443,2338,1239,530
2023-02-23,Tamil Nadu,Tamil_District_2,705597,6646,1087,1878,2906,1527,335
2023-02-23,Delhi,Delhi_District_6,288216,3505,940,720,1404,826,555
2023-02-23,West Bengal,West_District_4,572640,5075,816,1127,2383,1020,545
2023-02-23,Rajasthan,Rajasthan_District_1,216266,4393,1151,1110,1806,983,494
2023-02-23,Gujarat,Gujarat_District_5,834110,4684,613,1294,2081,980,329
2023-02-23,Madhya Pradesh,Madhya_District_1,865726,4016,953,1153,2006,820,37
2023-02-23,Bihar,Bihar_District_6,920725,3206,944,808,1381,729,288
2023-02-23,Andhra Pradesh,Andhra_District_3,254684,4169,644,1072,2049,944,104
2023-02-23,Telangana,Telangana_District_1,385473,3545,555,1056,1591,857,41
2023-02-23,Kerala,Kerala_District_3,187922,3196,391,736,1500,763,197
2023-02-23,Odisha,Odisha_District_4,594937,2766,534,772,1111,649,234
2023-02-23,Assam,Assam_District_4,474734,1652,447,351,677,363,261
2023-02-24,Maharashtra,Maharashtra_District_3,101605,8141,1255,2248,3825,1754,314
2023-02-24,Uttar Pradesh,Uttar_District_5,581904,11959,2510,2917,5860,2850,332
2023-02-24,Karnataka,Karnataka_District_3,185723,6454,1919,1291,3004,1575,584
2023-02-24,Tamil Nadu,Tamil_District_4,921480,7126,1013,1645,2876,1551,1054
2023-02-24,Delhi,Delhi_District_2,530251,3741,428,855,1777,777,332
2023-02-24,West Bengal,West_District_6,348794,4722,486,1347,1923,1045,407
2023-02-24,Rajasthan,Rajasthan_District_3,632886,4164,836,935,1857,1028,344
2023-02-24,Gujarat,Gujarat_District_2,659772,4838,904,1077,2397,1166,198
2023-02-24,Madhya Pradesh,Madhya_District_5,555038,3951,838,835,1685,946,485
2023-02-24,Bihar,Bihar_District_5,152334,3449,519,941,1436,701,371
2023-02-24,Andhra Pradesh,Andhra_District_2,978051,4174,481,1036,1827,948,363
2023-02-24,Telangana,Telangana_District_7,995003,3741,480,1021,1613,928,179
2023-02-24,Kerala,Kerala_District_1,913122,3353,677,708,1560,756,329
2023-02-24,Odisha,Odisha_District_2,148429,2813,443,835,1377,597,4
2023-02-24,Assam,Assam_District_4,578313,1945,261,575,934,460,-24
2023-02-25,Maharashtra,Maharashtra_District_3,364127,4670,773,1289,2193,992,196
2023-02-25,Uttar Pradesh,Uttar_District_4,859351,7130,1772,1785,3224,1690,431
2023-02-25,Karnataka,Karnataka_District_1,250448,3556,798,1026,1660,838,32
2023-02-25,Tamil Nadu,Tamil_District_3,144773,3892,680,1159,1915,822,-4
2023-02-25,Delhi,Delhi_District_4,768804,2773,767,808,1135,663,167
2023-02-25,West Bengal,West_District_4,298443,3486,1012,789,1684,854,159
2023-02-25,Rajasthan,Rajasthan_District_1,228461,3012,766,858,1311,706,137
2023-02-25,Gujarat,Gujarat_District_1,290122,3210,458,962,1600,717,-69
2023-02-25,Madhya Pradesh,Madhya_District_3,934826,2256,382,581,959,530,186
2023-02-25,Bihar,Bihar_District_2,126480,1879,467,428,776,378,297
2023-02-25,Andhra Pradesh,Andhra_District_7,478015,2744,653,587,1271,684,202
2023-02-25,Telangana,Telangana_District_7,167110,2239,663,658,1009,511,61
2023-02-25,Kerala,Kerala_District_7,760917,1348,337,320,597,318,113
2023-02-25,Odisha,Odisha_District_2,270434,1618,374,409,662,332,215
2023-02-25,Assam,Assam_District_6,209418,1657,211,373,728,364,192
2023-02-26,Maharashtra,Maharashtra_District_6,825306,4339,1113,1276,1846,993,224
2023-02-26,Uttar Pradesh,Uttar_District_1,286393,7083,757,2055,3524,1553,-49
2023-02-26,Karnataka,Karnataka_District_2,760001,3631,701,860,1625,749,397
2023-02-26,Tamil Nadu,Tamil_District_6,246762,4642,1271,1217,1879,1150,396
2023-02-26,Delhi,Delhi_District_1,274716,2530,282,533,1123,529,345
2023-02-26,West Bengal,West_District_2,740351,3273,512,933,1600,694,46
2023-02-26,Rajasthan,Rajasthan_District_2,424372,2529,399,505,1054,602,368
2023-02-26,Gujarat,Gujarat_District_5,485037,3322,556,687,1477,736,422
2023-02-26,Madhya Pradesh,Madhya_District_1,827380,2392,521,543,1179,553,117
2023-02-26,Bihar,Bihar_District_4,785452,2184,275,522,966,450,246
2023-02-26,Andhra Pradesh,Andhra_District_4,877467,2594,378,777,1248,554,15
2023-02-26,Telangana,Telangana_District_6,502892,2333,516,549,1160,579,45
2023-02-26,Kerala,Kerala_District_7,343455,1871,529,556,756,395,164
2023-02-26,Odisha,Odisha_District_3,463407,1971,405,403,936,485,147
2023-02-26,Assam,Assam_District_1,333074,1427,261,401,602,342,82
2023-02-27,Maharashtra,Maharashtra_District_1,390779,7787,1287,1813,3358,1648,968
2023-02-27,Uttar Pradesh,Uttar_District_7,720900,12304,2240,3300,5757,2584,663
2023-02-27,Karnataka,Karnataka_District_3,464206,6198,1761,1639,2754,1436,369
2023-02-27,Tamil Nadu,Tamil_District_1,625642,6683,717,1438,3198,1404,643
2023-02-27,Delhi,Delhi_District_3,889806,4218,798,1005,1864,1003,346
2023-02-27,West Bengal,West_District_3,625906,5344,1525,1222,2549,1273,300
2023-02-27,Rajasthan,Rajasthan_District_7,444888,4639,695,1266,1867,934,572
2023-02-27,Gujarat,Gujarat_District_4,910934,4994,1293,1149,2471,1161,213
2023-02-27,Madhya Pradesh,Madhya_District_7,874945,3506,1031,972,1554,835,145
2023-02-27,Bihar,Bihar_District_4,321919,3209,754,722,1499,646,342
2023-02-27,Andhra Pradesh,Andhra_District_3,414566,3810,646,1043,1775,950,42
2023-02-27,Telangana,Telangana_District_3,547543,3888,936,1089,1641,964,194
2023-02-27,Kerala,Kerala_District_4,331875,2766,464,793,1249,646,78
2023-02-27,Odisha,Odisha_District_6,523251,2546,626,567,1272,550,157
2023-02-27,Assam,Assam_District_6,213160,1642,472,484,702,342,114
2023-02-28,Maharashtra,Maharashtra_District_6,663369,8138,2269,1822,3379,1652,1285
2023-02-28,Uttar Pradesh,Uttar_District_7,879168,12385,3284,2621,5518,2774,1472
2023-02-28,Karnataka,Karnataka_District_6,343448,6286,1563,1264,2636,1427,959
2023-02-28,Tamil Nadu,Tamil_District_1,807321,7237,1407,1914,3036,1683,604
2023-02-28,Delhi,Delhi_District_2,614845,4012,453,1060,1916,916,120
2023-02-28,West Bengal,West_District_3,671792,4607,552,991,2219,1017,380
2023-02-28,Rajasthan,Rajasthan_District_1,452628,4468,696,1261,1950,973,284
2023-02-28,Gujarat,Gujarat_District_5,576738,5181,1503,1188,2181,1110,702
2023-02-28,Madhya Pradesh,Madhya_District_1,634456,3776,930,768,1720,881,407
2023-02-28,Bihar,Bihar_District_5,863107,2773,471,781,1168,668,156
2023-02-28,Andhra Pradesh,Andhra_District_2,943778,3543,703,994,1604,735,210
2023-02-28,Telangana,Telangana_District_7,963149,3468,972,764,1705,853,146
2023-02-28,Kerala,Kerala_District_7,605542,3453,570,984,1664,857,-52
2023-02-28,Odisha,Odisha_District_1,166087,2508,463,682,1037,529,260
2023-02-28,Assam,Assam_District_1,320324,2168,323,436,1003,490,239
2023-03-01,Maharashtra,Maharashtra_District_6,174861,20067,3789,5788,8354,4328,1597
2023-03-01,Uttar Pradesh,Uttar_District_6,995832,11627,3401,2624,5374,2844,785
2023-03-01,Karnataka,Karnataka_District_2,541078,6259,650,1857,3084,1563,-245
2023-03-01,Tamil Nadu,Tamil_District_6,173416,6761,1118,1568,3342,1446,405
2023-03-01,Delhi,Delhi_District_5,355545,4356,843,1287,2102,969,-2
2023-03-01,West Bengal,West_District_2,298424,5021,1480,1406,2192,1074,349
2023-03-01,Rajasthan,Rajasthan_District_6,726084,4725,1382,1252,2159,1071,243
2023-03-01,Gujarat,Gujarat_District_2,913012,4700,720,980,2086,1064,570
2023-03-01,Madhya Pradesh,Madhya_District_2,859311,3693,597,959,1791,886,57
2023-03-01,Bihar,Bihar_District_7,265557,3008,747,777,1357,698,176
2023-03-01,Andhra Pradesh,Andhra_District_6,469461,4481,1243,1061,2174,1036,210
2023-03-01,Telangana,Telangana_District_2,443352,3410,1010,922,1666,767,55
2023-03-01,Kerala,Kerala_District_2,694349,3416,768,760,1516,738,402
2023-03-01,Odisha,Odisha_District_2,927998,2167,457,563,949,435,220
2023-03-01,Assam,Assam_District_1,944531,1877,317,388,847,420,222
2023-03-02,Maharashtra,Maharashtra_District_4,166120,19620,4191,4112,9070,4499,1939
2023-03-02,Uttar Pradesh,Uttar_District_1,879311,12314,3199,3236,5092,2566,1420
2023-03-02,Karnataka,Karnataka_District_1,282520,5678,1343,1507,2611,1365,195
2023-03-02,Tamil Nadu,Tamil_District_2,123379,6741,1407,1762,2958,1568,453
2023-03-02,Delhi,Delhi_District_7,610202,3865,597,910,1689,910,356
2023-03-02,West Bengal,West_District_1,472893,5343,1449,1166,2362,1163,652
2023-03-02,Rajasthan,Rajasthan_District_7,664359,4481,1079,966,2222,1118,175
2023-03-02,Gujarat,Gujarat_District_4,936426,4599,748,1088,2114,1060,337
2023-03-02,Madhya Pradesh,Madhya_District_6,515441,3712,496,985,1723,747,257
2023-03-02,Bihar,Bihar_District_5,646325,3253,504,923,1591,665,74
2023-03-02,Andhra Pradesh,Andhra_District_6,117822,4184,1200,1184,1846,867,287
2023-03-02,Telangana,Telangana_District_2,829900,3816,1101,1137,1895,839,-55
2023-03-02,Kerala,Kerala_District_7,426737,2653,649,595,1131,568,359
2023-03-02,Odisha,Odisha_District_6,351426,2619,450,557,1248,548,266
2023-03-02,Assam,Assam_District_5,959831,1726,464,437,756,406,127
2023-03-03,Maharashtra,Maharashtra_District_6,506277,21067,3884,4377,9949,4888,1853
2023-03-03,Uttar Pradesh,Uttar_District_4,714799,12165,2422,2439,5228,2670,1828
2023-03-03,Karnataka,Karnataka_District_4,497850,5972,1057,1511,2875,1243,343
2023-03-03,Tamil Nadu,Tamil_District_4,788041,6992,1502,1439,3021,1727,805
2023-03-03,Delhi,Delhi_District_3,433414,3758,906,1018,1633,825,282
2023-03-03,West Bengal,West_District_6,896602,5112,828,1225,2120,1074,693
2023-03-03,Rajasthan,Rajasthan_District_5,405822,4911,637,1067,2264,1206,374
2023-03-03,Gujarat,Gujarat_District_2,832917,5299,1303,1451,2175,1192,481
2023-03-03,Madhya Pradesh,Madhya_District_5,136213,3539,777,942,1618,801,178
2023-03-03,Bihar,Bihar_District_1,878907,2759,663,779,1241,579,160
2023-03-03,Andhra Pradesh,Andhra_District_4,484342,3946,401,1106,1681,824,335
2023-03-03,Telangana,Telangana_District_4,257032,3572,794,928,1472,780,392
2023-03-03,Kerala,Kerala_District_3,922834,2761,421,628,1106,571,456
2023-03-03,Odisha,Odisha_District_6,669916,2155,614,626,973,529,27
2023-03-03,Assam,Assam_District_5,892150,1527,449,358,621,331,217
2023-03-04,Maharashtra,Maharashtra_District_6,192828,11720,3019,3279,4811,2710,920
2023-03-04,Uttar Pradesh,Uttar_District_6,918757,7595,2176,1919,3050,1724,902
2023-03-04,Karnataka,Karnataka_District_2,539076,3974,1154,1067,1714,984,209
2023-03-04,Tamil Nadu,Tamil_District_7,745698,4212,874,1228,1909,1051,24
2023-03-04,Delhi,Delhi_District_4,356673,2718,516,779,1323,571,45
2023-03-04,West Bengal,West_District_2,908477,2624,612,770,1133,526,195
2023-03-04,Rajasthan,Rajasthan_District_6,211732,3026,511,822,1390,620,194
2023-03-04,Gujarat,Gujarat_District_6,829107,2592,668,706,1266,629,-9
2023-03-04,Madhya Pradesh,Madhya_District_3,996752,2588,713,719,1128,580,161
2023-03-04,Bihar,Bihar_District_1,477425,1573,383,358,747,338,130
2023-03-04,Andhra Pradesh,Andhra_District_6,916528,2717,424,601,1149,678,289
2023-03-04,Telangana,Telangana_District_1,650229,2245,373,589,978,543,135
2023-03-04,Kerala,Kerala_District_3,250148,1427,424,413,657,334,23
2023-03-04,Odisha,Odisha_District_1,721832,1566,236,412,779,366,9
2023-03-04,Assam,Assam_District_2,556937,1011,190,258,475,249,29
2023-03-05,Maharashtra,Maharashtra_District_3,981678,11267,2083,2938,5149,2565,615
2023-03-05,Uttar Pradesh,Uttar_District_5,800688,7412,1829,2167,3376,1804,65
2023-03-05,Karnataka,Karnataka_District_5,499523,4096,1067,962,1991,970,173
2023-03-05,Tamil Nadu,Tamil_District_4,304424,4252,448,867,2079,926,380
2023-03-05,Delhi,Delhi_District_6,651799,2864,377,640,1414,605,205
2023-03-05,West Bengal,West_District_4,321409,2503,250,556,1127,551,269
2023-03-05,Rajasthan,Rajasthan_District_6,334035,3074,700,686,1458,767,163
2023-03-05,Gujarat,Gujarat_District_5,540526,2785,583,666,1118,678,323
2023-03-05,Madhya Pradesh,Madhya_District_3,520038,2511,539,714,1029,530,238
2023-03-05,Bihar,Bihar_District_1,686940,1511,161,420,629,327,135
2023-03-05,Andhra Pradesh,Andhra_District_2,467193,2075,378,561,934,508,72
2023-03-05,Telangana,Telangana_District_6,269752,2440,664,494,1136,540,270
2023-03-05,Kerala,Kerala_District_7,211570,1713,502,417,698,386,212
2023-03-05,Odisha,Odisha_District_4,213512,1570,346,390,700,364,116
2023-03-05,Assam,Assam_District_4,639727,861,125,230,360,178,93
2023-03-06,Maharashtra,Maharashtra_District_5,516279,19792,4333,4062,8771,4043,2916
2023-03-06,Uttar Pradesh,Uttar_District_3,128542,12058,3056,2931,5586,2715,826
2023-03-06,Karnataka,Karnataka_District_2,521835,6393,1393,1316,2817,1441,819
2023-03-06,Tamil Nadu,Tamil_District_3,560385,7130,1355,1962,2911,1585,672
2023-03-06,Delhi,Delhi_District_4,769825,4002,1053,904,1721,985,392
2023-03-06,West Bengal,West_District_6,568895,5450,1395,1133,2413,1286,618
2023-03-06,Rajasthan,Rajasthan_District_3,969938,4405,973,1144,2059,998,204
2023-03-06,Gujarat,Gujarat_District_7,630793,4994,735,1103,2006,1215,670
2023-03-06,Madhya Pradesh,Madhya_District_6,322556,4002,1151,1011,1849,806,336
2023-03-06,Bihar,Bihar_District_2,846800,2988,454,676,1313,715,284
2023-03-06,Andhra Pradesh,Andhra_District_6,791504,3995,1063,799,1768,851,577
2023-03-06,Telangana,Telangana_District_1,903695,3483,747,708,1413,716,646
2023-03-06,Kerala,Kerala_District_5,745833,3050,800,811,1474,614,151
2023-03-06,Odisha,Odisha_District_1,815630,2619,334,762,1100,540,217
2023-03-06,Assam,Assam_District_4,822142,1668,184,345,706,375,242
2023-03-07,Maharashtra,Maharashtra_District_1,291922,20692,5768,4936,10289,4433,1034
2023-03-07,Uttar Pradesh,Uttar_District_6,550675,12356,1882,2828,5041,2670,1817
2023-03-07,Karnataka,Karnataka_District_1,796841,5642,1102,1163,2627,1357,495
2023-03-07,Tamil Nadu,Tamil_District_4,208101,7176,1131,1829,3492,1654,201
2023-03-07,Delhi,Delhi_District_6,242001,4143,980,1196,1754,932,261
2023-03-07,West Bengal,West_District_4,696479,5368,885,1240,2178,1130,820
2023-03-07,Rajasthan,Rajasthan_District_2,712301,4635,906,1132,2209,965,329
2023-03-07,Gujarat,Gujarat_District_1,384799,5269,1027,1408,2609,1199,53
2023-03-07,Madhya Pradesh,Madhya_District_5,814581,4397,783,1047,1767,926,657
2023-03-07,Bihar,Bihar_District_4,123212,3161,784,860,1566,723,12
2023-03-07,Andhra Pradesh,Andhra_District_4,544302,3653,775,806,1638,764,445
2023-03-07,Telangana,Telangana_District_2,503133,3824,954,786,1710,852,476
2023-03-07,Kerala,Kerala_District_3,636107,2553,651,635,1224,579,115
2023-03-07,Odisha,Odisha_District_7,447534,2116,610,634,966,473,43
2023-03-07,Assam,Assam_District_2,283528,1532,264,458,673,357,44
2023-03-08,Maharashtra,Maharashtra_District_1,191994,21125,4387,4780,9991,5110,1244
2023-03-08,Uttar Pradesh,Uttar_District_4,472746,12228,1472,2693,5650,2529,1356
2023-03-08,Karnataka,Karnataka_District_4,786606,5999,713,1291,2939,1228,541
2023-03-08,Tamil Nadu,Tamil_District_6,937704,6570,1504,1937,2878,1479,276
2023-03-08,Delhi,Delhi_District_6,878410,4390,1152,1146,1849,1082,313
2023-03-08,West Bengal,West_District_1,399494,5004,1243,1331,2107,1152,414
2023-03-08,Rajasthan,Rajasthan_District_6,221686,4538,1298,1283,1942,1016,297
2023-03-08,Gujarat,Gujarat_District_7,348462,4720,832,1304,2038,1025,353
2023-03-08,Madhya Pradesh,Madhya_District_1,422245,3745,963,917,1836,887,105
2023-03-08,Bihar,Bihar_District_5,651560,3365,875,942,1602,821,0
